no,time,open,high,low,close,volume,ticker
0,2012-01-05,3270,3450,3250,3330,344100,ACB
1,2012-01-05,3270,3450,3250,3330,344100,ACB
2,2012-01-06,3330,3330,3250,3270,233100,ACB
3,2012-01-09,3270,3270,3230,3250,123000,ACB
4,2012-01-10,3250,3300,3250,3270,47300,ACB
5,2012-01-11,3270,3300,3250,3270,158900,ACB
6,2012-01-12,3270,3280,3250,3270,77400,ACB
7,2012-01-13,3270,3300,3250,3270,83200,ACB
8,2012-01-16,3270,3330,3270,3300,144000,ACB
9,2012-01-17,3270,3350,3270,3330,215300,ACB
10,2012-01-18,3330,3370,3330,3350,86600,ACB
11,2012-01-19,3380,3430,3380,3420,137500,ACB
12,2012-01-20,3430,3480,3420,3430,129500,ACB
13,2012-01-30,3580,3580,3450,3480,91900,ACB
14,2012-01-31,3500,3570,3480,3550,209100,ACB
15,2012-02-01,3570,3570,3480,3520,154400,ACB
16,2012-02-02,3520,3680,3520,3600,254600,ACB
17,2012-02-03,3680,3680,3430,3580,216300,ACB
18,2012-02-06,3600,3600,3570,3580,137900,ACB
19,2012-02-07,3600,3770,3600,3740,607800,ACB
20,2012-02-08,3680,3850,3680,3820,510700,ACB
21,2012-02-09,3790,4050,3770,3950,1153700,ACB
22,2012-02-10,3950,4000,3850,3920,393700,ACB
23,2012-02-13,3900,3900,3720,3790,446900,ACB
24,2012-02-14,3720,3750,3620,3650,498500,ACB
25,2012-02-15,3650,3680,3500,3550,425300,ACB
26,2012-02-16,3550,3580,3520,3550,507500,ACB
27,2012-02-17,3570,3620,3570,3600,541000,ACB
28,2012-02-20,3620,3840,3620,3750,850100,ACB
29,2012-02-21,3940,4000,3750,3800,468700,ACB
30,2012-02-22,3800,3900,3740,3840,577700,ACB
31,2012-02-23,3870,3900,3790,3850,769300,ACB
32,2012-02-24,3850,3920,3840,3870,995200,ACB
33,2012-02-27,3850,3950,3840,3900,667700,ACB
34,2012-02-28,3990,3990,3840,3900,831500,ACB
35,2012-02-29,3850,3950,3850,3890,669400,ACB
36,2012-03-01,3940,4150,3940,4090,1927000,ACB
37,2012-03-02,4190,4370,4190,4360,2678000,ACB
38,2012-03-05,4420,4660,4420,4660,2220300,ACB
39,2012-03-06,4690,4970,4510,4690,1911800,ACB
40,2012-03-07,4520,4520,4370,4410,1469700,ACB
41,2012-03-08,4120,4340,4100,4200,1550100,ACB
42,2012-03-09,4100,4240,3990,4100,1298200,ACB
43,2012-03-12,4120,4120,3990,4019,845400,ACB
44,2012-03-13,4019,4170,4019,4100,464500,ACB
45,2012-03-14,4190,4200,4050,4100,493200,ACB
46,2012-03-15,4120,4260,4050,4150,791100,ACB
47,2012-03-16,4420,4420,4220,4290,817700,ACB
48,2012-03-19,4270,4300,4150,4200,610200,ACB
49,2012-03-20,4270,4360,4220,4290,862200,ACB
50,2012-03-21,4290,4370,4240,4340,1608000,ACB
51,2012-03-22,4360,4360,4260,4290,578600,ACB
52,2012-03-23,4290,4340,4260,4300,1402600,ACB
53,2012-03-26,4370,4390,4300,4320,1228700,ACB
54,2012-03-27,4320,4320,4190,4200,1317900,ACB
55,2012-03-28,4170,4220,4120,4190,1161200,ACB
56,2012-03-29,4220,4220,4040,4140,1103100,ACB
57,2012-03-30,4120,4150,4100,4140,784200,ACB
58,2012-04-03,4140,4200,4120,4200,321500,ACB
59,2012-04-04,4240,4240,4140,4150,309000,ACB
60,2012-04-05,4170,4240,4140,4220,427200,ACB
61,2012-04-06,4260,4270,4220,4240,948100,ACB
62,2012-04-09,4260,4270,4240,4270,674100,ACB
63,2012-04-10,4270,4270,4190,4200,513200,ACB
64,2012-04-11,4220,4320,4220,4270,743400,ACB
65,2012-04-12,4300,4470,4290,4410,2167400,ACB
66,2012-04-13,4440,4440,4320,4360,718200,ACB
67,2012-04-16,4360,4460,4320,4410,580500,ACB
68,2012-04-17,4390,4460,4360,4410,759500,ACB
69,2012-04-18,4370,4420,4300,4320,1107200,ACB
70,2012-04-19,4320,4320,4240,4260,862500,ACB
71,2012-04-20,4260,4270,4220,4260,657600,ACB
72,2012-04-23,4540,4540,4220,4300,355200,ACB
73,2012-04-24,4300,4320,4270,4300,152900,ACB
74,2012-04-25,4340,4390,4300,4320,181600,ACB
75,2012-04-26,4360,4360,4220,4270,307800,ACB
76,2012-04-27,4270,4320,4260,4320,268900,ACB
77,2012-05-02,4270,4300,4240,4260,263900,ACB
78,2012-05-03,4220,4290,4220,4240,468700,ACB
79,2012-05-04,4240,4290,4240,4290,315700,ACB
80,2012-05-07,4290,4320,4270,4300,293600,ACB
81,2012-05-08,4300,4460,4300,4360,858000,ACB
82,2012-05-09,4320,4390,4270,4340,324000,ACB
83,2012-05-10,4340,4410,4300,4320,581900,ACB
84,2012-05-11,4320,4360,4270,4290,349000,ACB
85,2012-05-14,4320,4410,4270,4290,1015200,ACB
86,2012-05-15,4290,4320,4260,4290,877400,ACB
87,2012-05-16,4290,4320,4270,4300,824500,ACB
88,2012-05-17,4290,4320,4290,4300,659100,ACB
89,2012-05-18,4290,4290,4190,4240,1051500,ACB
90,2012-05-21,4220,4340,4220,4340,244900,ACB
91,2012-05-22,4290,4360,4040,4290,242400,ACB
92,2012-05-23,4290,4300,4270,4290,556100,ACB
93,2012-05-24,4290,4300,4270,4270,609200,ACB
94,2012-05-25,4270,4340,4270,4340,203500,ACB
95,2012-05-28,4340,4360,4300,4320,172200,ACB
96,2012-05-29,4290,4340,4290,4320,233300,ACB
97,2012-05-30,4320,4340,4300,4320,56500,ACB
98,2012-05-31,4300,4320,4290,4300,441000,ACB
99,2012-06-01,4300,4320,4300,4300,81400,ACB
100,2012-06-04,4300,4320,4270,4290,425900,ACB
101,2012-06-05,4290,4320,4290,4300,253100,ACB
102,2012-06-06,4300,4340,4300,4320,92400,ACB
103,2012-06-07,4290,4340,4290,4320,53900,ACB
104,2012-06-08,4340,4360,4290,4300,126100,ACB
105,2012-06-11,4190,4320,4190,4300,166800,ACB
106,2012-06-12,4320,4320,4290,4300,210500,ACB
107,2012-06-13,4290,4320,4290,4300,289700,ACB
108,2012-06-14,4300,4320,4290,4290,294900,ACB
109,2012-06-15,4290,4300,4290,4290,180600,ACB
110,2012-06-18,4290,4340,4290,4320,129000,ACB
111,2012-06-19,4320,4340,4300,4320,402200,ACB
112,2012-06-20,4340,4340,4300,4320,339300,ACB
113,2012-06-21,4300,4340,4300,4320,711600,ACB
114,2012-06-22,4320,4320,4300,4300,568200,ACB
115,2012-06-25,4320,4320,4290,4290,283900,ACB
116,2012-06-26,4320,4320,4270,4300,725600,ACB
117,2012-06-27,4300,4320,4290,4300,560400,ACB
118,2012-06-28,4290,4320,4290,4290,622500,ACB
119,2012-06-29,4320,4320,4290,4300,1184300,ACB
120,2012-07-02,4320,4320,4290,4290,141000,ACB
121,2012-07-03,4290,4300,4290,4290,752300,ACB
122,2012-07-04,4290,4300,4290,4290,250500,ACB
123,2012-07-05,4290,4300,4290,4290,225500,ACB
124,2012-07-06,4290,4320,4290,4300,172900,ACB
125,2012-07-09,4320,4320,4270,4290,1134500,ACB
126,2012-07-10,4290,4300,4270,4290,872200,ACB
127,2012-07-11,4270,4300,4270,4290,365500,ACB
128,2012-07-12,4290,4290,4270,4290,424600,ACB
129,2012-07-13,4270,4290,4270,4270,391400,ACB
130,2012-07-16,4270,4290,4270,4290,95900,ACB
131,2012-07-17,4290,4320,4270,4320,95800,ACB
132,2012-07-18,4300,4320,4290,4300,24700,ACB
133,2012-07-19,4320,4320,4290,4300,70000,ACB
134,2012-07-20,4290,4320,4290,4300,115900,ACB
135,2012-07-23,4300,4320,4290,4300,177700,ACB
136,2012-07-24,4290,4300,4290,4290,86200,ACB
137,2012-07-25,4290,4300,4290,4290,89400,ACB
138,2012-07-26,4290,4300,4290,4300,721300,ACB
139,2012-07-27,4300,4320,4290,4300,291300,ACB
140,2012-07-30,4300,4320,4290,4300,83500,ACB
141,2012-07-31,4300,4320,4290,4300,79800,ACB
142,2012-08-01,4290,4320,4290,4300,245700,ACB
143,2012-08-02,4300,4320,4290,4300,295100,ACB
144,2012-08-03,4300,4300,4290,4300,57800,ACB
145,2012-08-06,4290,4320,4290,4320,222600,ACB
146,2012-08-07,4320,4320,4290,4290,126800,ACB
147,2012-08-08,4290,4300,4290,4300,151100,ACB
148,2012-08-09,4300,4320,4290,4320,42800,ACB
149,2012-08-10,4300,4300,4290,4300,65300,ACB
150,2012-08-13,4290,4320,4290,4300,127800,ACB
151,2012-08-14,4300,4320,4290,4300,154300,ACB
152,2012-08-15,4290,4320,4290,4320,89800,ACB
153,2012-08-16,4300,4320,4300,4300,71000,ACB
154,2012-08-17,4300,4320,4300,4320,194000,ACB
155,2012-08-20,4320,4340,4300,4340,87100,ACB
156,2012-08-21,4300,4300,4040,4040,904600,ACB
157,2012-08-22,3770,3770,3770,3770,688900,ACB
158,2012-08-23,3520,3540,3520,3520,260600,ACB
159,2012-08-24,3280,3750,3280,3640,1633900,ACB
160,2012-08-27,3650,3680,3380,3380,924300,ACB
161,2012-08-28,3270,3350,3150,3180,757900,ACB
162,2012-08-29,3100,3370,3100,3350,734900,ACB
163,2012-08-30,3430,3430,3320,3350,433300,ACB
164,2012-08-31,3350,3350,3300,3320,563300,ACB
165,2012-09-04,3320,3350,3300,3300,523200,ACB
166,2012-09-05,3420,3520,3280,3300,758800,ACB
167,2012-09-06,3320,3320,3250,3270,550800,ACB
168,2012-09-07,3270,3280,3220,3230,716500,ACB
169,2012-09-10,3230,3230,3020,3030,902000,ACB
170,2012-09-11,3180,3180,3000,3000,456200,ACB
171,2012-09-12,3020,3100,2980,2980,332700,ACB
172,2012-09-13,2980,3000,2950,2960,631500,ACB
173,2012-09-14,3000,3100,3000,3020,728300,ACB
174,2012-09-17,3030,3100,3000,3050,740500,ACB
175,2012-09-18,3050,3050,2850,2850,742700,ACB
176,2012-09-19,2680,2830,2660,2660,4103000,ACB
177,2012-09-20,2600,2660,2480,2580,1998300,ACB
178,2012-09-21,2580,2750,2580,2750,2269400,ACB
179,2012-09-24,2810,2930,2730,2880,1761000,ACB
180,2012-09-25,2830,2900,2760,2810,1092100,ACB
181,2012-09-26,2780,2810,2750,2760,665500,ACB
182,2012-09-27,2760,2810,2730,2730,455700,ACB
183,2012-09-28,2700,2800,2610,2760,883100,ACB
184,2012-10-01,2760,2760,2660,2660,1087100,ACB
185,2012-10-02,2650,2700,2630,2650,677300,ACB
186,2012-10-03,2630,2660,2630,2650,709600,ACB
187,2012-10-04,2650,2660,2630,2650,359600,ACB
188,2012-10-05,2650,2650,2610,2650,699900,ACB
189,2012-10-08,2630,2680,2610,2660,1692900,ACB
190,2012-10-09,2680,2700,2660,2680,2432500,ACB
191,2012-10-10,2680,2700,2660,2680,1987500,ACB
192,2012-10-11,2680,2780,2660,2710,2444200,ACB
193,2012-10-12,2710,2730,2700,2700,522200,ACB
194,2012-10-15,2700,2710,2660,2680,1528800,ACB
195,2012-10-16,2680,2710,2660,2710,1351800,ACB
196,2012-10-17,2710,2710,2680,2680,665600,ACB
197,2012-10-18,2700,2700,2660,2680,1191600,ACB
198,2012-10-19,2680,2700,2610,2650,1564600,ACB
199,2012-10-22,2610,2630,2480,2610,967700,ACB
200,2012-10-23,2610,2630,2600,2630,696800,ACB
201,2012-10-24,2630,2660,2600,2650,659900,ACB
202,2012-10-25,2630,2680,2630,2650,844000,ACB
203,2012-10-26,2600,2650,2560,2650,550300,ACB
204,2012-10-29,2650,2680,2630,2630,537800,ACB
205,2012-10-30,2630,2650,2600,2600,120900,ACB
206,2012-10-31,2560,2580,2510,2560,300000,ACB
207,2012-11-01,2580,2580,2530,2550,310200,ACB
208,2012-11-02,2550,2550,2400,2410,795700,ACB
209,2012-11-05,2410,2450,2380,2450,203800,ACB
210,2012-11-06,2450,2460,2430,2460,89400,ACB
211,2012-11-07,2460,2560,2450,2510,121200,ACB
212,2012-11-08,2430,2530,2430,2480,85000,ACB
213,2012-11-09,2500,2510,2480,2500,241100,ACB
214,2012-11-12,2510,2550,2500,2550,148700,ACB
215,2012-11-13,2550,2560,2510,2530,228600,ACB
216,2012-11-14,2530,2550,2510,2530,149900,ACB
217,2012-11-15,2560,2560,2480,2500,155800,ACB
218,2012-11-16,2510,2510,2480,2480,105300,ACB
219,2012-11-19,2480,2480,2430,2450,88600,ACB
220,2012-11-20,2460,2480,2450,2480,55700,ACB
221,2012-11-21,2460,2480,2450,2460,68000,ACB
222,2012-11-22,2480,2480,2450,2450,79900,ACB
223,2012-11-23,2450,2460,2430,2450,92400,ACB
224,2012-11-26,2460,2480,2450,2460,93300,ACB
225,2012-11-27,2460,2480,2450,2450,57600,ACB
226,2012-11-28,2450,2460,2430,2460,75800,ACB
227,2012-11-29,2460,2480,2450,2450,37600,ACB
228,2012-11-30,2450,2460,2430,2430,85200,ACB
229,2012-12-03,2430,2450,2430,2430,85000,ACB
230,2012-12-04,2450,2450,2430,2450,79700,ACB
231,2012-12-05,2460,2500,2460,2500,158300,ACB
232,2012-12-06,2500,2500,2450,2460,106200,ACB
233,2012-12-07,2480,2480,2460,2480,41800,ACB
234,2012-12-10,2480,2510,2450,2500,176300,ACB
235,2012-12-11,2510,2510,2480,2510,84900,ACB
236,2012-12-12,2480,2600,2480,2600,236600,ACB
237,2012-12-13,2610,2750,2600,2680,666300,ACB
238,2012-12-14,2680,2850,2680,2810,1305300,ACB
239,2012-12-17,2680,2810,2680,2750,387800,ACB
240,2012-12-18,2750,2750,2660,2680,356300,ACB
241,2012-12-19,2680,2760,2680,2730,335800,ACB
242,2012-12-20,2760,2760,2680,2710,203800,ACB
243,2012-12-21,2700,2710,2660,2700,162600,ACB
244,2012-12-24,2700,2750,2680,2680,265600,ACB
245,2012-12-25,2700,2750,2680,2680,460300,ACB
246,2012-12-26,2730,2750,2700,2750,349400,ACB
247,2012-12-27,2750,2760,2710,2730,598100,ACB
248,2012-12-28,2730,2760,2700,2730,641500,ACB
249,2013-01-02,2730,2920,2730,2900,2578600,ACB
250,2013-01-03,2930,2980,2800,2850,1967200,ACB
251,2013-01-03,2930,2980,2800,2850,1967200,ACB
252,2013-01-04,2830,2880,2800,2860,1170100,ACB
253,2013-01-07,2850,2930,2850,2860,1355700,ACB
254,2013-01-08,2860,2930,2830,2860,2180000,ACB
255,2013-01-09,2860,3050,2860,3030,3861400,ACB
256,2013-01-10,3030,3070,2960,3050,880700,ACB
257,2013-01-11,3180,3180,3050,3050,806200,ACB
258,2013-01-14,3080,3080,2960,3020,614300,ACB
259,2013-01-15,3050,3070,2950,3050,1310500,ACB
260,2013-01-16,3050,3150,3030,3080,1346900,ACB
261,2013-01-17,3050,3080,3000,3000,1068300,ACB
262,2013-01-18,3000,3000,2920,2960,679700,ACB
263,2013-01-21,2980,2980,2920,2930,341900,ACB
264,2013-01-22,2930,2950,2810,2830,738000,ACB
265,2013-01-23,2830,2860,2760,2850,331100,ACB
266,2013-01-24,2880,2920,2830,2900,333700,ACB
267,2013-01-25,2930,3000,2930,2960,786500,ACB
268,2013-01-28,2960,3030,2930,2960,1135900,ACB
269,2013-01-29,2960,3030,2950,3000,572800,ACB
270,2013-01-30,3020,3020,2960,2960,823600,ACB
271,2013-01-31,2950,3000,2930,2960,860100,ACB
272,2013-02-01,2930,2960,2930,2960,583900,ACB
273,2013-02-04,2960,2960,2930,2950,387200,ACB
274,2013-02-05,2950,2950,2900,2920,602000,ACB
275,2013-02-06,2920,2980,2920,2950,542700,ACB
276,2013-02-07,2960,3000,2930,2950,457800,ACB
277,2013-02-08,2960,3000,2950,2980,388500,ACB
278,2013-02-18,2980,3020,2950,2980,469400,ACB
279,2013-02-19,2980,2980,2930,2950,440200,ACB
280,2013-02-20,2920,2930,2850,2920,794100,ACB
281,2013-02-21,2920,2920,2750,2760,1450600,ACB
282,2013-02-22,2760,2850,2750,2810,725900,ACB
283,2013-02-25,2810,2830,2780,2800,279200,ACB
284,2013-02-26,2810,2810,2730,2750,1170100,ACB
285,2013-02-27,2730,2780,2710,2760,579700,ACB
286,2013-02-28,2780,2810,2760,2760,120800,ACB
287,2013-03-01,2780,2800,2760,2780,183700,ACB
288,2013-03-04,2780,2780,2730,2750,493100,ACB
289,2013-03-05,2730,2760,2710,2730,308000,ACB
290,2013-03-06,2700,2760,2680,2750,126600,ACB
291,2013-03-07,2730,2760,2730,2730,238100,ACB
292,2013-03-08,2730,2760,2710,2760,173900,ACB
293,2013-03-11,2650,2780,2650,2760,240000,ACB
294,2013-03-12,2800,2930,2750,2780,110600,ACB
295,2013-03-13,2780,2780,2750,2760,173900,ACB
296,2013-03-14,2750,2780,2750,2760,135300,ACB
297,2013-03-15,2760,2780,2750,2760,78200,ACB
298,2013-03-18,2760,2780,2750,2750,295500,ACB
299,2013-03-19,2760,2780,2750,2750,66000,ACB
300,2013-03-20,2760,2780,2760,2780,111200,ACB
301,2013-03-21,2780,2780,2750,2760,188800,ACB
302,2013-03-22,2760,2780,2750,2760,464500,ACB
303,2013-03-25,2760,2760,2730,2760,154200,ACB
304,2013-03-26,2760,2780,2730,2750,63700,ACB
305,2013-03-27,2750,2760,2700,2750,268300,ACB
306,2013-03-28,2760,2760,2730,2730,232000,ACB
307,2013-03-29,2760,2760,2710,2730,188300,ACB
308,2013-04-01,2710,2750,2710,2750,235700,ACB
309,2013-04-02,2750,2760,2730,2730,259400,ACB
310,2013-04-03,2760,2760,2710,2730,103700,ACB
311,2013-04-04,2730,2730,2700,2700,264100,ACB
312,2013-04-05,2730,2730,2680,2700,328400,ACB
313,2013-04-08,2710,2710,2660,2680,412400,ACB
314,2013-04-09,2680,2700,2660,2680,93600,ACB
315,2013-04-10,2680,2700,2660,2660,157400,ACB
316,2013-04-11,2660,2850,2660,2780,933300,ACB
317,2013-04-12,2780,2850,2750,2760,253600,ACB
318,2013-04-15,2760,2760,2680,2710,347300,ACB
319,2013-04-16,2700,2710,2660,2700,392200,ACB
320,2013-04-17,2650,2680,2630,2660,320700,ACB
321,2013-04-18,2650,2660,2630,2650,447500,ACB
322,2013-04-22,2650,2680,2650,2650,302400,ACB
323,2013-04-23,2650,2680,2650,2660,127600,ACB
324,2013-04-24,2680,2680,2650,2680,59500,ACB
325,2013-04-25,2680,2700,2660,2680,71200,ACB
326,2013-04-26,2680,2710,2680,2700,164700,ACB
327,2013-05-02,2700,2700,2680,2700,181300,ACB
328,2013-05-03,2680,2700,2680,2680,158400,ACB
329,2013-05-06,2680,2710,2680,2700,389900,ACB
330,2013-05-07,2710,2730,2680,2710,367200,ACB
331,2013-05-08,2730,2730,2700,2710,329000,ACB
332,2013-05-09,2710,2750,2710,2730,324500,ACB
333,2013-05-10,2750,2750,2710,2730,181700,ACB
334,2013-05-13,2730,2750,2730,2730,164800,ACB
335,2013-05-14,2730,2750,2710,2710,438800,ACB
336,2013-05-15,2730,2750,2710,2730,217400,ACB
337,2013-05-16,2760,2800,2750,2780,207300,ACB
338,2013-05-17,2850,2850,2800,2810,212300,ACB
339,2013-05-20,2810,2810,2780,2800,339800,ACB
340,2013-05-21,2800,2830,2780,2800,229800,ACB
341,2013-05-22,2830,3020,2830,2920,1511400,ACB
342,2013-05-23,2920,2940,2870,2880,502700,ACB
343,2013-05-24,2900,2900,2870,2880,106700,ACB
344,2013-05-27,2880,2920,2870,2880,678900,ACB
345,2013-05-28,2880,2920,2870,2900,660500,ACB
346,2013-05-29,2920,2940,2880,2880,673900,ACB
347,2013-05-30,2880,2900,2870,2880,319200,ACB
348,2013-05-31,2900,2920,2870,2870,684300,ACB
349,2013-06-03,2900,2970,2880,2940,1074900,ACB
350,2013-06-04,2940,2950,2870,2880,521500,ACB
351,2013-06-05,2900,2900,2870,2900,299300,ACB
352,2013-06-06,2900,2900,2880,2900,489200,ACB
353,2013-06-07,2900,2940,2880,2920,597700,ACB
354,2013-06-10,2940,2940,2900,2920,402400,ACB
355,2013-06-11,2940,2940,2900,2920,399200,ACB
356,2013-06-12,2900,2920,2880,2880,283000,ACB
357,2013-06-13,2900,2900,2850,2850,281500,ACB
358,2013-06-14,2880,2880,2830,2850,354200,ACB
359,2013-06-17,2870,2870,2800,2810,433100,ACB
360,2013-06-18,2810,2830,2760,2810,422300,ACB
361,2013-06-19,2810,2850,2800,2850,286800,ACB
362,2013-06-20,2850,2850,2800,2830,505600,ACB
363,2013-06-21,2810,2830,2800,2830,7000,ACB
364,2013-06-24,2830,2850,2800,2830,578000,ACB
365,2013-06-25,2810,2830,2800,2810,1440600,ACB
366,2013-06-26,2810,2830,2800,2810,336600,ACB
367,2013-06-27,2800,2810,2780,2800,778000,ACB
368,2013-06-28,2800,2830,2800,2800,675700,ACB
369,2013-07-01,2800,2810,2800,2810,341800,ACB
370,2013-07-02,2800,2830,2800,2830,339900,ACB
371,2013-07-03,2810,2830,2800,2810,374100,ACB
372,2013-07-04,2800,2830,2800,2810,298600,ACB
373,2013-07-05,2810,2810,2800,2800,309500,ACB
374,2013-07-08,2800,2800,2760,2780,62200,ACB
375,2013-07-09,2780,2800,2760,2780,341200,ACB
376,2013-07-10,2780,2800,2760,2800,132200,ACB
377,2013-07-11,2780,2800,2760,2780,80300,ACB
378,2013-07-12,2780,2800,2760,2800,231400,ACB
379,2013-07-15,2800,2800,2780,2780,124200,ACB
380,2013-07-16,2780,2800,2780,2780,68100,ACB
381,2013-07-17,2800,2830,2780,2810,450900,ACB
382,2013-07-18,2800,2830,2800,2800,232100,ACB
383,2013-07-19,2800,2810,2800,2800,228500,ACB
384,2013-07-22,2810,2810,2800,2800,423700,ACB
385,2013-07-23,2810,2810,2800,2800,150900,ACB
386,2013-07-24,2800,2800,2800,2800,413100,ACB
387,2013-07-25,2780,2800,2760,2760,231700,ACB
388,2013-07-26,2780,2780,2740,2760,403600,ACB
389,2013-07-29,2760,2800,2760,2780,152682,ACB
390,2013-07-30,2780,2810,2780,2800,195753,ACB
391,2013-07-31,2760,2790,2750,2760,468415,ACB
392,2013-08-01,2760,2760,2720,2740,654000,ACB
393,2013-08-02,2760,2770,2740,2740,130684,ACB
394,2013-08-05,2740,2750,2470,2740,366503,ACB
395,2013-08-06,2740,2760,2730,2740,293456,ACB
396,2013-08-07,2740,2760,2730,2760,90113,ACB
397,2013-08-08,2740,2740,2720,2730,386989,ACB
398,2013-08-09,2660,2740,2650,2710,410733,ACB
399,2013-08-12,2710,2750,2700,2710,202059,ACB
400,2013-08-13,2690,2730,2690,2710,161424,ACB
401,2013-08-14,2710,2770,2730,2740,43973,ACB
402,2013-08-15,2730,2740,2710,2730,75688,ACB
403,2013-08-16,2730,2710,2690,2710,191415,ACB
404,2013-08-19,2730,2740,2700,2730,137777,ACB
405,2013-08-20,2740,2740,2720,2730,91341,ACB
406,2013-08-21,2740,2740,2720,2730,136103,ACB
407,2013-08-22,2730,2730,2690,2710,198081,ACB
408,2013-08-23,2730,2720,2440,2710,258299,ACB
409,2013-08-26,2690,2720,2680,2710,59674,ACB
410,2013-08-27,2710,2710,2710,2710,85470,ACB
411,2013-08-28,2690,2680,2620,2660,314841,ACB
412,2013-08-29,2670,2670,2640,2660,382496,ACB
413,2013-08-30,2660,2720,2680,2690,204806,ACB
414,2013-09-03,2640,2680,2650,2670,55063,ACB
415,2013-09-04,2670,2670,2640,2660,79730,ACB
416,2013-09-05,2670,2690,2670,2670,126600,ACB
417,2013-09-06,2690,2700,2680,2690,58281,ACB
418,2013-09-09,2710,2700,2670,2670,176700,ACB
419,2013-09-10,2670,2720,2630,2690,29000,ACB
420,2013-09-11,2690,2730,2710,2710,74798,ACB
421,2013-09-12,2710,2690,2660,2670,209898,ACB
422,2013-09-13,2690,2710,2690,2690,55773,ACB
423,2013-09-16,2690,2710,2690,2690,78466,ACB
424,2013-09-17,2690,2710,2690,2690,161070,ACB
425,2013-09-18,2690,2700,2680,2690,200256,ACB
426,2013-09-19,2690,2710,2690,2690,330829,ACB
427,2013-09-20,2690,2730,2710,2710,184365,ACB
428,2013-09-23,2690,2710,2690,2690,766055,ACB
429,2013-09-24,2690,2710,2690,2710,340846,ACB
430,2013-09-25,2710,2730,2710,2710,160131,ACB
431,2013-09-26,2710,2730,2710,2710,82632,ACB
432,2013-09-27,2710,2730,2690,2710,245255,ACB
433,2013-09-30,2710,2710,2700,2710,94178,ACB
434,2013-10-01,2730,2770,2720,2740,163710,ACB
435,2013-10-02,2740,2740,2720,2730,112846,ACB
436,2013-10-03,2730,2760,2730,2740,78753,ACB
437,2013-10-04,2710,2730,2710,2730,108368,ACB
438,2013-10-07,2730,2760,2730,2740,108737,ACB
439,2013-10-08,2710,2740,2700,2730,199278,ACB
440,2013-10-09,2730,2780,2750,2760,166482,ACB
441,2013-10-10,2740,2760,2730,2740,170308,ACB
442,2013-10-11,2740,2740,2730,2740,74508,ACB
443,2013-10-14,2760,2760,2740,2740,301744,ACB
444,2013-10-15,2730,2770,2740,2760,198445,ACB
445,2013-10-16,2760,2790,2730,2760,161429,ACB
446,2013-10-17,2740,2770,2740,2740,127347,ACB
447,2013-10-18,2730,2760,2740,2740,47854,ACB
448,2013-10-21,2740,2750,2740,2740,155857,ACB
449,2013-10-22,2740,2740,2710,2730,180108,ACB
450,2013-10-23,2730,2730,2710,2730,71794,ACB
451,2013-10-24,2730,2740,2710,2730,229426,ACB
452,2013-10-25,2730,2750,2710,2730,97476,ACB
453,2013-10-28,2730,2720,2700,2710,136404,ACB
454,2013-10-29,2710,2740,2720,2730,176107,ACB
455,2013-10-30,2710,2740,2710,2730,84217,ACB
456,2013-10-31,2710,2740,2720,2730,252293,ACB
457,2013-11-01,2710,2770,2730,2740,69931,ACB
458,2013-11-04,2730,2740,2710,2730,56332,ACB
459,2013-11-05,2710,2760,2730,2740,58264,ACB
460,2013-11-06,2730,2740,2720,2730,56986,ACB
461,2013-11-07,2730,2720,2680,2710,25539,ACB
462,2013-11-08,2710,2730,2710,2710,29826,ACB
463,2013-11-11,2710,2730,2690,2710,125034,ACB
464,2013-11-12,2730,2740,2700,2730,111137,ACB
465,2013-11-13,2730,2740,2710,2730,88736,ACB
466,2013-11-14,2740,2740,2720,2730,44718,ACB
467,2013-11-15,2730,2740,2730,2730,48492,ACB
468,2013-11-18,2740,2740,2720,2730,327663,ACB
469,2013-11-19,2730,2760,2740,2740,18553,ACB
470,2013-11-20,2730,2760,2740,2740,70621,ACB
471,2013-11-21,2740,2740,2730,2740,156399,ACB
472,2013-11-22,2740,2740,2730,2740,93432,ACB
473,2013-11-25,2730,2760,2740,2740,128577,ACB
474,2013-11-26,2740,2740,2730,2740,35428,ACB
475,2013-11-27,2740,2760,2730,2740,168966,ACB
476,2013-11-28,2740,2720,2680,2710,83793,ACB
477,2013-11-29,2730,2740,2720,2730,78444,ACB
478,2013-12-02,2730,2740,2710,2730,68027,ACB
479,2013-12-03,2740,2740,2720,2730,200479,ACB
480,2013-12-04,2730,2760,2730,2740,151610,ACB
481,2013-12-05,2740,2760,2740,2740,115937,ACB
482,2013-12-06,2730,2740,2720,2730,110214,ACB
483,2013-12-09,2730,2750,2710,2730,69801,ACB
484,2013-12-10,2710,2750,2700,2730,274763,ACB
485,2013-12-11,2710,2730,2700,2710,293230,ACB
486,2013-12-12,2710,2750,2710,2730,224490,ACB
487,2013-12-13,2730,2730,2700,2730,212700,ACB
488,2013-12-16,2730,2740,2700,2730,153519,ACB
489,2013-12-17,2710,2730,2700,2730,255294,ACB
490,2013-12-18,2730,2740,2700,2730,193040,ACB
491,2013-12-19,2730,2750,2730,2740,160367,ACB
492,2013-12-20,2730,2740,2720,2730,25834,ACB
493,2013-12-23,2730,2750,2740,2740,118135,ACB
494,2013-12-24,2740,2750,2730,2740,57644,ACB
495,2013-12-25,2740,2740,2730,2730,44447,ACB
496,2013-12-26,2730,2740,2720,2730,100900,ACB
497,2013-12-27,2730,2760,2740,2740,152742,ACB
498,2013-12-30,2740,2760,2740,2740,342032,ACB
499,2013-12-31,2730,2740,2720,2730,165530,ACB
500,2014-01-02,2740,2750,2730,2740,146982,ACB
501,2014-01-02,2740,2750,2730,2740,146982,ACB
502,2014-01-03,2740,2780,2740,2760,98656,ACB
503,2014-01-06,2730,2760,2730,2740,190009,ACB
504,2014-01-07,2760,2810,2740,2780,152905,ACB
505,2014-01-08,2780,2780,2740,2760,58852,ACB
506,2014-01-09,2740,2790,2760,2780,72432,ACB
507,2014-01-10,2780,2840,2770,2800,160305,ACB
508,2014-01-13,2780,2800,2760,2780,27243,ACB
509,2014-01-14,2780,2850,2780,2830,198230,ACB
510,2014-01-15,2760,2840,2760,2830,140117,ACB
511,2014-01-16,2830,2830,2780,2810,102763,ACB
512,2014-01-17,2810,2930,2830,2880,339893,ACB
513,2014-01-20,2880,2880,2830,2870,258622,ACB
514,2014-01-21,2850,2840,2790,2810,144669,ACB
515,2014-01-22,2810,2820,2800,2810,173860,ACB
516,2014-01-23,2830,2830,2800,2810,45473,ACB
517,2014-01-24,2810,2850,2820,2830,79711,ACB
518,2014-01-27,2830,2830,2810,2830,61108,ACB
519,2014-02-06,2830,2840,2820,2830,39130,ACB
520,2014-02-07,2830,2860,2820,2830,80742,ACB
521,2014-02-10,2830,2850,2810,2830,551546,ACB
522,2014-02-11,2830,2870,2830,2850,472956,ACB
523,2014-02-12,2830,2880,2830,2870,149504,ACB
524,2014-02-13,2880,2920,2850,2880,159044,ACB
525,2014-02-14,2880,2900,2870,2880,178059,ACB
526,2014-02-17,2870,2860,2790,2810,533459,ACB
527,2014-02-18,2810,2840,2800,2810,576724,ACB
528,2014-02-19,2810,2840,2810,2810,443485,ACB
529,2014-02-20,2810,2820,2770,2800,292230,ACB
530,2014-02-21,2810,2820,2800,2810,138041,ACB
531,2014-02-24,2800,2820,2800,2810,141679,ACB
532,2014-02-25,2810,2830,2790,2810,237673,ACB
533,2014-02-26,2800,2870,2820,2850,653738,ACB
534,2014-02-27,2850,3140,2840,3020,1517007,ACB
535,2014-02-28,3020,3050,2930,2990,377052,ACB
536,2014-03-03,2990,2970,2900,2920,305876,ACB
537,2014-03-04,2880,2930,2860,2900,269216,ACB
538,2014-03-05,2900,2930,2880,2900,209310,ACB
539,2014-03-06,3090,3100,2870,2900,481079,ACB
540,2014-03-07,2900,2920,2880,2900,214785,ACB
541,2014-03-10,2880,2900,2870,2880,213819,ACB
542,2014-03-11,2880,2900,2860,2880,322067,ACB
543,2014-03-12,2880,2890,2850,2870,212082,ACB
544,2014-03-13,2870,2900,2880,2880,310883,ACB
545,2014-03-14,2880,2900,2880,2880,494631,ACB
546,2014-03-17,2880,2920,2890,2900,728589,ACB
547,2014-03-18,2900,3050,2940,2990,652345,ACB
548,2014-03-19,3000,3110,2990,3060,612020,ACB
549,2014-03-20,3000,3070,3020,3040,452237,ACB
550,2014-03-21,3000,3050,3000,3020,405430,ACB
551,2014-03-24,3040,3070,3000,3060,565578,ACB
552,2014-03-25,3060,3060,3000,3020,502703,ACB
553,2014-03-26,3020,3000,2950,2970,583854,ACB
554,2014-03-27,2920,2990,2920,2970,296773,ACB
555,2014-03-28,2990,3010,2980,2990,115058,ACB
556,2014-03-31,2990,3000,2980,2990,199778,ACB
557,2014-04-01,2970,2970,2940,2950,521973,ACB
558,2014-04-02,2940,2950,2920,2940,340174,ACB
559,2014-04-03,2950,3060,2980,3000,261047,ACB
560,2014-04-04,2970,3010,2980,2990,151083,ACB
561,2014-04-07,2920,3010,2920,2950,47730,ACB
562,2014-04-08,2970,2970,2930,2940,51025,ACB
563,2014-04-10,2940,2980,2940,2950,67181,ACB
564,2014-04-11,2950,2970,2940,2950,435510,ACB
565,2014-04-14,2970,3010,2950,2990,225754,ACB
566,2014-04-15,2990,2940,2870,2920,310269,ACB
567,2014-04-16,2920,2970,2900,2940,351254,ACB
568,2014-04-17,2940,2920,2880,2920,222188,ACB
569,2014-04-18,2920,2940,2900,2920,493684,ACB
570,2014-04-21,2900,2920,2880,2900,105128,ACB
571,2014-04-22,2900,2940,2920,2920,126533,ACB
572,2014-04-23,2880,2900,2870,2880,70037,ACB
573,2014-04-24,2880,2850,2800,2830,124474,ACB
574,2014-04-25,2830,2910,2830,2880,124699,ACB
575,2014-04-28,2900,2900,2860,2870,94101,ACB
576,2014-04-29,2880,2880,2860,2870,44670,ACB
577,2014-05-05,2870,2890,2860,2870,246411,ACB
578,2014-05-06,2870,2880,2830,2850,231759,ACB
579,2014-05-07,2870,2870,2820,2870,101720,ACB
580,2014-05-08,2850,2860,2700,2760,198453,ACB
581,2014-05-09,2760,2840,2760,2810,252229,ACB
582,2014-05-12,2760,2750,2700,2730,160743,ACB
583,2014-05-13,2740,2780,2740,2740,118603,ACB
584,2014-05-14,2760,2880,2780,2800,108281,ACB
585,2014-05-15,2780,2840,2790,2820,81150,ACB
586,2014-05-16,2840,2840,2800,2820,152398,ACB
587,2014-05-19,2800,2870,2810,2820,55680,ACB
588,2014-05-20,2820,2850,2800,2820,11744,ACB
589,2014-05-21,2840,2910,2840,2870,133886,ACB
590,2014-05-22,2870,2890,2840,2850,73670,ACB
591,2014-05-23,2800,2850,2800,2840,14386,ACB
592,2014-05-26,2820,2850,2830,2840,8700,ACB
593,2014-05-27,2820,2910,2850,2870,48647,ACB
594,2014-05-28,2870,2910,2850,2890,44261,ACB
595,2014-05-29,2850,2900,2860,2870,36748,ACB
596,2014-05-30,2850,2900,2850,2870,156903,ACB
597,2014-06-02,2850,2860,2820,2840,36489,ACB
598,2014-06-03,2850,2870,2760,2800,89839,ACB
599,2014-06-04,2800,2860,2800,2840,42853,ACB
600,2014-06-05,2840,2840,2810,2840,50359,ACB
601,2014-06-06,2840,2870,2850,2850,78759,ACB
602,2014-06-09,2870,2860,2830,2850,64344,ACB
603,2014-06-10,2840,2860,2790,2840,33196,ACB
604,2014-06-11,2820,2900,2850,2870,65325,ACB
605,2014-06-12,2850,2870,2830,2850,151141,ACB
606,2014-06-13,2820,2850,2820,2840,56672,ACB
607,2014-06-16,2840,2840,2820,2840,50058,ACB
608,2014-06-17,2820,2850,2840,2840,86312,ACB
609,2014-06-18,2820,2820,2800,2820,139572,ACB
610,2014-06-19,2820,2850,2820,2840,259600,ACB
611,2014-06-20,2820,2860,2820,2840,98001,ACB
612,2014-06-23,2840,2820,2810,2820,164454,ACB
613,2014-06-24,2820,2820,2810,2820,186410,ACB
614,2014-06-25,2820,2890,2850,2850,90182,ACB
615,2014-06-26,2840,2820,2800,2820,250920,ACB
616,2014-06-27,2820,2850,2840,2840,47870,ACB
617,2014-06-30,2820,2840,2810,2820,272267,ACB
618,2014-07-01,2840,2850,2830,2840,203292,ACB
619,2014-07-02,2840,2850,2830,2840,114809,ACB
620,2014-07-03,2840,2870,2840,2850,309194,ACB
621,2014-07-04,2850,2850,2840,2840,117744,ACB
622,2014-07-07,2850,2860,2800,2840,176864,ACB
623,2014-07-08,2840,2860,2820,2840,203651,ACB
624,2014-07-09,2840,2850,2820,2840,62959,ACB
625,2014-07-10,2840,2820,2800,2820,99422,ACB
626,2014-07-11,2820,2840,2800,2820,69344,ACB
627,2014-07-14,2840,2840,2820,2820,153409,ACB
628,2014-07-15,2820,2850,2830,2840,70911,ACB
629,2014-07-16,2840,2840,2820,2840,121013,ACB
630,2014-07-17,2840,2850,2830,2840,9745,ACB
631,2014-07-18,2840,2840,2820,2840,105955,ACB
632,2014-07-21,2840,2830,2810,2820,59866,ACB
633,2014-07-22,2820,2840,2800,2820,221300,ACB
634,2014-07-23,2820,2840,2820,2820,46739,ACB
635,2014-07-24,2820,2840,2820,2820,57626,ACB
636,2014-07-25,2820,2810,2770,2800,103276,ACB
637,2014-07-28,2820,2820,2780,2800,110575,ACB
638,2014-07-29,2820,2830,2810,2820,94417,ACB
639,2014-07-30,2820,2830,2810,2820,9200,ACB
640,2014-07-31,2800,2830,2820,2820,110496,ACB
641,2014-08-01,2840,2840,2800,2820,31342,ACB
642,2014-08-04,2800,2840,2820,2820,57942,ACB
643,2014-08-05,2820,2820,2800,2820,57440,ACB
644,2014-08-06,2800,2830,2810,2820,16289,ACB
645,2014-08-07,2820,2820,2800,2820,23813,ACB
646,2014-08-08,2800,2840,2820,2820,196920,ACB
647,2014-08-11,2820,2820,2800,2800,18760,ACB
648,2014-08-12,2800,2850,2790,2800,87590,ACB
649,2014-08-13,2780,2820,2780,2800,191267,ACB
650,2014-08-14,2800,2780,2770,2780,196466,ACB
651,2014-08-15,2800,2820,2800,2800,101634,ACB
652,2014-08-18,2780,2820,2780,2820,82396,ACB
653,2014-08-19,2800,2810,2770,2800,4699,ACB
654,2014-08-20,2800,2820,2800,2800,68812,ACB
655,2014-08-21,2800,2810,2790,2800,89719,ACB
656,2014-08-22,2800,2820,2780,2800,19040,ACB
657,2014-08-25,2800,2830,2790,2820,136857,ACB
658,2014-08-26,2820,2830,2820,2820,142374,ACB
659,2014-08-27,2820,2800,2780,2800,108998,ACB
660,2014-08-28,2800,2820,2800,2800,44649,ACB
661,2014-08-29,2800,2850,2810,2840,110337,ACB
662,2014-09-03,2840,2840,2800,2820,96011,ACB
663,2014-09-04,2820,2830,2800,2820,67273,ACB
664,2014-09-05,2840,2840,2800,2820,101597,ACB
665,2014-09-08,2820,2820,2770,2800,249330,ACB
666,2014-09-09,2800,2780,2760,2780,266103,ACB
667,2014-09-10,2780,2820,2780,2800,88860,ACB
668,2014-09-11,2800,2820,2780,2800,69739,ACB
669,2014-09-12,2820,2800,2770,2780,110947,ACB
670,2014-09-15,2800,2780,2760,2780,97427,ACB
671,2014-09-16,2800,2800,2780,2800,106825,ACB
672,2014-09-17,2800,2840,2790,2820,295941,ACB
673,2014-09-18,2820,2820,2760,2780,83962,ACB
674,2014-09-19,2780,2800,2780,2780,605822,ACB
675,2014-09-22,2800,2800,2760,2780,673629,ACB
676,2014-09-23,2780,2800,2760,2780,155655,ACB
677,2014-09-24,2780,2780,2760,2780,237318,ACB
678,2014-09-25,2780,2800,2760,2780,374033,ACB
679,2014-09-26,2800,2800,2780,2780,193181,ACB
680,2014-09-29,2780,2800,2760,2780,293109,ACB
681,2014-09-30,2780,2800,2760,2780,79932,ACB
682,2014-10-01,2780,2780,2760,2780,341868,ACB
683,2014-10-02,2780,2800,2760,2780,235725,ACB
684,2014-10-03,2780,2780,2760,2760,317254,ACB
685,2014-10-06,2780,2780,2760,2760,495107,ACB
686,2014-10-07,2740,2770,2750,2760,110487,ACB
687,2014-10-08,2760,2760,2740,2760,188392,ACB
688,2014-10-09,2780,2780,2750,2760,170800,ACB
689,2014-10-10,2760,2780,2740,2760,776490,ACB
690,2014-10-13,2740,2780,2730,2760,312707,ACB
691,2014-10-14,2740,2780,2740,2760,231600,ACB
692,2014-10-15,2760,2760,2740,2760,419645,ACB
693,2014-10-16,2740,2800,2740,2760,353992,ACB
694,2014-10-17,2740,2810,2770,2780,210289,ACB
695,2014-10-20,2780,2780,2760,2760,108468,ACB
696,2014-10-21,2740,2770,2730,2760,289064,ACB
697,2014-10-22,2760,2780,2760,2760,31795,ACB
698,2014-10-23,2780,2820,2780,2780,161552,ACB
699,2014-10-24,2760,2780,2760,2760,52162,ACB
700,2014-10-27,2760,2780,2750,2760,217065,ACB
701,2014-10-28,2710,2770,2720,2760,251163,ACB
702,2014-10-29,2740,2780,2740,2780,106491,ACB
703,2014-10-30,2780,2820,2790,2800,62070,ACB
704,2014-10-31,2760,2820,2790,2800,24038,ACB
705,2014-11-03,2800,2810,2790,2800,100354,ACB
706,2014-11-04,2780,2820,2780,2800,46793,ACB
707,2014-11-05,2780,2770,2730,2760,211312,ACB
708,2014-11-06,2780,2880,2810,2850,607153,ACB
709,2014-11-07,2870,2880,2840,2850,108912,ACB
710,2014-11-10,2850,2830,2780,2820,23052,ACB
711,2014-11-11,2820,2920,2810,2870,137791,ACB
712,2014-11-12,2870,3010,2820,2930,341874,ACB
713,2014-11-13,2930,2950,2890,2930,142342,ACB
714,2014-11-14,2890,2880,2850,2870,64189,ACB
715,2014-11-17,2870,2890,2860,2890,377610,ACB
716,2014-11-18,2890,2890,2840,2870,145431,ACB
717,2014-11-19,2870,2870,2830,2850,143255,ACB
718,2014-11-20,2870,2870,2830,2850,33683,ACB
719,2014-11-21,2870,2850,2800,2820,22641,ACB
720,2014-11-24,2820,2810,2790,2800,175773,ACB
721,2014-11-25,2840,2850,2800,2820,128283,ACB
722,2014-11-26,2840,2820,2760,2780,68795,ACB
723,2014-11-27,2820,2850,2820,2820,23569,ACB
724,2014-11-28,2840,2820,2770,2780,108071,ACB
725,2014-12-01,2820,2810,2780,2780,245301,ACB
726,2014-12-02,2760,2770,2750,2760,78471,ACB
727,2014-12-03,2800,2850,2780,2780,171643,ACB
728,2014-12-04,2780,2940,2810,2850,202567,ACB
729,2014-12-05,2850,2880,2820,2850,212038,ACB
730,2014-12-08,2850,2880,2830,2850,60200,ACB
731,2014-12-09,2840,2820,2770,2800,119810,ACB
732,2014-12-10,2800,2830,2820,2820,129215,ACB
733,2014-12-11,2800,2870,2810,2840,65131,ACB
734,2014-12-12,2840,2850,2840,2840,50253,ACB
735,2014-12-15,2840,2850,2840,2840,108333,ACB
736,2014-12-16,2800,2820,2790,2820,397979,ACB
737,2014-12-17,2800,2820,2760,2800,275334,ACB
738,2014-12-18,2800,2840,2820,2820,63994,ACB
739,2014-12-19,2820,2840,2810,2820,140100,ACB
740,2014-12-22,2820,2800,2780,2800,43600,ACB
741,2014-12-23,2800,2850,2820,2840,92526,ACB
742,2014-12-24,2840,2860,2820,2840,181309,ACB
743,2014-12-25,2840,2830,2820,2820,68821,ACB
744,2014-12-26,2800,2840,2820,2820,47517,ACB
745,2014-12-29,2820,2810,2790,2800,105923,ACB
746,2014-12-30,2800,2830,2770,2800,178030,ACB
747,2014-12-31,2800,2830,2820,2820,39354,ACB
748,2015-01-05,2820,2800,2760,2800,55888,ACB
749,2015-01-06,2780,2850,2770,2840,89802,ACB
750,2015-01-07,2840,2910,2820,2870,232861,ACB
751,2015-01-07,2840,2910,2820,2870,232861,ACB
752,2015-01-08,2870,2910,2870,2890,14880,ACB
753,2015-01-09,2890,2970,2840,2910,693623,ACB
754,2015-01-12,2930,3000,2910,2950,368334,ACB
755,2015-01-13,2950,3070,2960,3020,416006,ACB
756,2015-01-14,3020,3020,2940,2960,300420,ACB
757,2015-01-15,2950,2940,2890,2910,244964,ACB
758,2015-01-16,2930,2940,2860,2910,374204,ACB
759,2015-01-19,2950,2980,2940,2950,230317,ACB
760,2015-01-20,2930,2960,2910,2930,75172,ACB
761,2015-01-21,2930,2940,2880,2910,205371,ACB
762,2015-01-22,2910,3030,2940,2980,300965,ACB
763,2015-01-23,2960,3200,3020,3130,1441874,ACB
764,2015-01-26,3130,3160,3130,3150,307006,ACB
765,2015-01-27,3160,3190,3030,3150,315651,ACB
766,2015-01-28,3130,3430,3180,3290,959871,ACB
767,2015-01-29,3290,3280,3200,3240,429009,ACB
768,2015-01-30,3220,3210,3080,3150,478259,ACB
769,2015-02-02,3130,3130,3040,3070,265344,ACB
770,2015-02-03,3070,3000,2820,2910,827865,ACB
771,2015-02-04,2890,2990,2900,2950,270500,ACB
772,2015-02-05,2950,2980,2920,2950,74461,ACB
773,2015-02-06,2950,3050,2770,3000,245283,ACB
774,2015-02-09,3000,3010,2920,2950,72974,ACB
775,2015-02-10,2930,2990,2920,2960,105679,ACB
776,2015-02-11,2960,3020,2970,3000,90914,ACB
777,2015-02-12,3000,3030,2990,3000,87911,ACB
778,2015-02-13,3020,3120,3010,3070,650359,ACB
779,2015-02-24,3090,3160,3090,3130,140871,ACB
780,2015-02-25,3150,3200,3090,3160,672279,ACB
781,2015-02-26,3160,3200,3120,3160,112327,ACB
782,2015-02-27,3180,3160,3090,3110,64375,ACB
783,2015-03-02,3150,3150,3090,3110,100838,ACB
784,2015-03-03,3150,3130,3080,3090,603931,ACB
785,2015-03-04,3110,3110,3070,3090,412425,ACB
786,2015-03-05,3090,3100,3070,3070,159152,ACB
787,2015-03-06,3070,3140,3070,3110,322073,ACB
788,2015-03-09,3110,3120,3070,3090,159821,ACB
789,2015-03-10,3090,3140,3100,3110,96698,ACB
790,2015-03-11,3110,3160,3110,3130,561767,ACB
791,2015-03-12,3090,3130,3040,3110,47908,ACB
792,2015-03-13,3110,3110,3070,3090,162894,ACB
793,2015-03-16,3110,3110,3070,3090,340462,ACB
794,2015-03-17,3090,3110,3090,3090,118588,ACB
795,2015-03-18,2800,3100,2790,3090,259352,ACB
796,2015-03-19,3110,3290,3080,3090,129073,ACB
797,2015-03-20,3090,3150,3110,3130,116347,ACB
798,2015-03-23,3110,3100,3090,3090,57431,ACB
799,2015-03-24,3090,3100,3060,3070,222685,ACB
800,2015-03-25,3070,3130,3100,3110,122734,ACB
801,2015-03-26,3110,3130,3100,3110,165791,ACB
802,2015-03-27,3110,3080,3040,3070,150742,ACB
803,2015-03-30,3060,3090,3050,3070,187169,ACB
804,2015-03-31,3070,3080,3040,3060,57640,ACB
805,2015-04-01,3060,3050,2990,3020,252663,ACB
806,2015-04-02,3020,3090,3030,3040,159003,ACB
807,2015-04-03,3040,3110,3050,3070,51215,ACB
808,2015-04-06,3070,3090,3070,3070,4952,ACB
809,2015-04-07,3070,3070,3030,3060,46793,ACB
810,2015-04-08,3040,3050,3030,3040,60778,ACB
811,2015-04-09,3040,3030,2990,3020,153488,ACB
812,2015-04-10,3020,3060,3020,3040,26605,ACB
813,2015-04-13,3060,3050,3040,3040,36940,ACB
814,2015-04-14,3020,3050,3020,3040,57719,ACB
815,2015-04-15,3020,3030,3000,3020,42101,ACB
816,2015-04-16,3020,3040,2990,3020,82523,ACB
817,2015-04-17,3020,3060,3020,3040,36935,ACB
818,2015-04-20,3020,3040,3010,3020,44975,ACB
819,2015-04-21,3020,3000,2970,2980,52353,ACB
820,2015-04-22,2980,3040,2990,3020,105481,ACB
821,2015-04-23,3020,3040,2990,3020,39006,ACB
822,2015-04-24,3000,3010,2960,2980,30752,ACB
823,2015-04-27,3060,3100,3060,3070,172955,ACB
824,2015-05-04,3090,3050,2960,3000,16816,ACB
825,2015-05-05,2980,3100,3000,3040,48513,ACB
826,2015-05-06,3040,3090,3020,3040,144990,ACB
827,2015-05-07,3020,3060,3010,3040,121436,ACB
828,2015-05-08,3060,3040,3000,3020,171291,ACB
829,2015-05-11,3040,3070,3030,3040,134947,ACB
830,2015-05-12,3020,3060,3000,3040,59695,ACB
831,2015-05-13,3020,3050,2980,3020,327269,ACB
832,2015-05-14,3000,3080,3010,3060,98453,ACB
833,2015-05-15,3090,3110,3050,3070,68959,ACB
834,2015-05-18,3070,3070,3020,3040,222564,ACB
835,2015-05-19,3070,3100,3040,3060,37354,ACB
836,2015-05-20,3040,3120,3030,3070,96071,ACB
837,2015-05-21,3110,3150,3090,3110,46433,ACB
838,2015-05-22,3110,3100,3040,3070,139779,ACB
839,2015-05-25,3130,3200,3150,3170,401035,ACB
840,2015-05-26,3170,3400,3200,3340,1612511,ACB
841,2015-05-27,3340,3520,3340,3440,833767,ACB
842,2015-05-28,3440,3790,3430,3650,1585442,ACB
843,2015-05-29,3630,3730,3630,3680,805676,ACB
844,2015-06-01,3630,3990,3680,3840,1006223,ACB
845,2015-06-02,3840,3800,3640,3720,1219764,ACB
846,2015-06-03,3720,3820,3740,3760,765768,ACB
847,2015-06-04,3760,4070,3760,3920,1126592,ACB
848,2015-06-05,3920,4230,4000,4120,1201275,ACB
849,2015-06-08,4120,4250,4010,4180,1163634,ACB
850,2015-06-09,4220,4290,4059,4180,1081395,ACB
851,2015-06-10,4120,4270,4110,4180,977147,ACB
852,2015-06-11,4160,4220,4019,4110,807912,ACB
853,2015-06-12,4120,4160,4000,4070,615109,ACB
854,2015-06-15,4070,4210,4100,4160,978956,ACB
855,2015-06-16,4200,4160,3960,4090,859613,ACB
856,2015-06-17,4050,4110,3990,4050,454521,ACB
857,2015-06-18,4050,4160,4030,4110,622294,ACB
858,2015-06-19,4120,4200,4110,4140,385535,ACB
859,2015-06-22,4110,4240,4100,4180,834327,ACB
860,2015-06-23,4180,4210,4140,4160,727502,ACB
861,2015-06-24,4200,4150,4040,4090,643475,ACB
862,2015-06-25,4390,4510,4110,4120,595957,ACB
863,2015-06-26,4110,4070,3920,4010,1009225,ACB
864,2015-06-29,3990,4019,3930,3970,858135,ACB
865,2015-06-30,3970,4010,3830,3920,915176,ACB
866,2015-07-01,3930,3990,3920,3950,508272,ACB
867,2015-07-02,3860,4250,3920,4140,1349683,ACB
868,2015-07-03,4160,4320,4150,4260,1760897,ACB
869,2015-07-06,4300,4550,4350,4470,2519437,ACB
870,2015-07-07,4470,4640,4380,4510,1754487,ACB
871,2015-07-08,4430,4510,4260,4370,1447415,ACB
872,2015-07-09,4320,4380,4280,4340,1152099,ACB
873,2015-07-10,4340,4380,4270,4340,682325,ACB
874,2015-07-13,4340,4400,4300,4350,609490,ACB
875,2015-07-14,4370,4480,4350,4430,2298523,ACB
876,2015-07-15,4470,4420,4270,4320,1158668,ACB
877,2015-07-16,4300,4340,4250,4300,744800,ACB
878,2015-07-17,4280,4240,4150,4200,743928,ACB
879,2015-07-20,4180,4240,4110,4160,1189236,ACB
880,2015-07-21,4110,4110,3960,4050,674566,ACB
881,2015-07-22,4450,4620,4160,4300,525766,ACB
882,2015-07-23,4340,4270,4100,4160,892399,ACB
883,2015-07-24,4160,4260,4140,4180,241877,ACB
884,2015-07-27,4260,4250,4180,4200,537838,ACB
885,2015-07-28,4300,4590,4100,4180,595210,ACB
886,2015-07-29,4140,4170,4120,4140,334121,ACB
887,2015-07-30,4120,4190,4090,4140,338803,ACB
888,2015-07-31,4160,4140,4110,4120,342128,ACB
889,2015-08-03,4120,4080,3870,3970,745685,ACB
890,2015-08-04,4010,3980,3910,3930,435108,ACB
891,2015-08-05,3930,4010,3950,3990,288442,ACB
892,2015-08-06,4010,3980,3890,3920,197343,ACB
893,2015-08-07,3920,3960,3880,3920,220667,ACB
894,2015-08-10,3920,4160,3980,4050,287468,ACB
895,2015-08-11,4070,4070,3940,3990,309493,ACB
896,2015-08-12,3990,4019,3870,3920,491840,ACB
897,2015-08-13,3900,3890,3790,3840,552126,ACB
898,2015-08-14,3840,3820,3740,3780,772335,ACB
899,2015-08-17,3780,3680,3460,3570,1125772,ACB
900,2015-08-18,3550,3710,3540,3630,521619,ACB
901,2015-08-19,3630,3740,3590,3670,362735,ACB
902,2015-08-20,3700,3650,3560,3610,182245,ACB
903,2015-08-21,3590,3670,3560,3610,851858,ACB
904,2015-08-24,3700,3780,3120,3260,1663746,ACB
905,2015-08-25,3280,3490,3220,3400,729322,ACB
906,2015-08-26,3440,3590,3450,3510,565316,ACB
907,2015-08-27,3530,3640,3500,3550,267961,ACB
908,2015-08-28,3550,3620,3560,3590,559810,ACB
909,2015-08-31,3590,3550,3440,3490,186590,ACB
910,2015-09-01,3510,3510,3430,3480,219234,ACB
911,2015-09-03,3480,3510,3440,3460,131193,ACB
912,2015-09-04,3400,3450,3380,3420,129860,ACB
913,2015-09-07,3420,3490,3420,3460,140700,ACB
914,2015-09-08,3460,3710,3520,3630,301747,ACB
915,2015-09-09,3650,3760,3680,3720,702756,ACB
916,2015-09-10,3670,3720,3580,3670,259986,ACB
917,2015-09-11,3670,3650,3580,3630,161434,ACB
918,2015-09-14,3650,3700,3570,3610,119804,ACB
919,2015-09-15,3630,3640,3550,3570,153480,ACB
920,2015-09-16,3530,3610,3550,3570,95791,ACB
921,2015-09-17,3610,3680,3560,3650,647976,ACB
922,2015-09-18,3680,3730,3650,3680,290102,ACB
923,2015-09-21,3680,3700,3670,3680,139262,ACB
924,2015-09-22,3680,3710,3650,3670,302093,ACB
925,2015-09-23,3700,3730,3650,3680,207733,ACB
926,2015-09-24,3680,3870,3640,3720,989427,ACB
927,2015-09-25,3720,3800,3740,3760,322242,ACB
928,2015-09-28,3760,3750,3640,3680,265140,ACB
929,2015-09-29,3670,3760,3620,3700,299147,ACB
930,2015-09-30,3720,3730,3690,3700,123594,ACB
931,2015-10-01,3680,3720,3340,3700,227369,ACB
932,2015-10-02,3700,3740,3720,3720,158695,ACB
933,2015-10-05,3720,3760,3700,3740,220204,ACB
934,2015-10-06,3760,3920,3780,3860,895315,ACB
935,2015-10-07,3900,3860,3760,3800,188078,ACB
936,2015-10-08,3780,3930,3760,3860,541780,ACB
937,2015-10-09,3920,3960,3900,3930,557772,ACB
938,2015-10-12,3950,4019,3940,3990,479803,ACB
939,2015-10-13,3950,3980,3940,3970,230664,ACB
940,2015-10-14,3950,4000,3940,3970,296896,ACB
941,2015-10-15,3930,4000,3930,3970,371189,ACB
942,2015-10-16,3990,3980,3920,3950,431631,ACB
943,2015-10-19,3880,3990,3880,3950,178784,ACB
944,2015-10-20,3950,3970,3890,3930,149907,ACB
945,2015-10-21,3930,3940,3890,3920,282119,ACB
946,2015-10-22,3900,3990,3920,3970,176203,ACB
947,2015-10-23,3970,3990,3950,3970,175412,ACB
948,2015-10-26,3970,4019,3980,3990,246978,ACB
949,2015-10-27,3950,4019,3960,3990,72424,ACB
950,2015-10-28,3930,3950,3910,3930,78194,ACB
951,2015-10-29,3950,3990,3950,3970,204951,ACB
952,2015-10-30,3950,4000,3940,3970,167701,ACB
953,2015-11-02,3970,3980,3900,3930,49251,ACB
954,2015-11-03,3900,3960,3900,3930,126751,ACB
955,2015-11-04,3950,3910,3850,3900,114262,ACB
956,2015-11-05,3900,3930,3890,3920,130706,ACB
957,2015-11-06,3930,3990,3890,3930,60404,ACB
958,2015-11-09,3950,3940,3880,3900,62807,ACB
959,2015-11-10,4110,4040,3800,3860,59686,ACB
960,2015-11-11,3880,3810,3730,3800,63351,ACB
961,2015-11-12,3820,3920,3840,3880,192162,ACB
962,2015-11-13,3880,3950,3890,3920,89348,ACB
963,2015-11-16,3840,3890,3810,3860,182808,ACB
964,2015-11-17,3820,3860,3810,3840,104666,ACB
965,2015-11-18,3840,3880,3850,3860,106123,ACB
966,2015-11-19,3840,3870,3830,3840,149493,ACB
967,2015-11-20,3840,3830,3810,3820,52888,ACB
968,2015-11-23,3820,3820,3780,3800,137973,ACB
969,2015-11-24,3440,3830,3430,3740,104586,ACB
970,2015-11-25,3700,3800,3690,3740,87977,ACB
971,2015-11-26,3720,3780,3720,3740,125075,ACB
972,2015-11-27,3760,3740,3660,3700,159463,ACB
973,2015-11-30,3760,3800,3660,3700,65564,ACB
974,2015-12-01,3720,3750,3680,3700,70757,ACB
975,2015-12-02,3720,3740,3700,3720,175800,ACB
976,2015-12-03,3700,3730,3690,3700,120400,ACB
977,2015-12-04,3700,3730,3670,3700,93512,ACB
978,2015-12-07,3700,3720,3700,3700,106274,ACB
979,2015-12-08,3700,3780,3700,3740,198616,ACB
980,2015-12-09,3700,3760,3720,3740,19516,ACB
981,2015-12-10,3720,3710,3660,3680,53969,ACB
982,2015-12-11,3720,3740,3690,3700,42621,ACB
983,2015-12-14,3670,3720,3650,3700,10348,ACB
984,2015-12-15,3700,3690,3670,3680,185385,ACB
985,2015-12-16,3700,3720,3630,3680,231288,ACB
986,2015-12-17,3680,3740,3710,3720,65682,ACB
987,2015-12-18,3720,3710,3650,3670,61210,ACB
988,2015-12-21,3630,3710,3620,3700,64500,ACB
989,2015-12-22,3700,3690,3670,3680,3990,ACB
990,2015-12-23,3670,3700,3640,3670,99719,ACB
991,2015-12-24,3650,3680,3650,3670,46337,ACB
992,2015-12-25,3650,3680,3640,3670,42647,ACB
993,2015-12-28,3670,3720,3660,3680,31329,ACB
994,2015-12-29,3670,3740,3640,3700,66664,ACB
995,2015-12-30,3700,3770,3710,3720,23229,ACB
996,2015-12-31,3720,3820,3770,3780,49268,ACB
997,2016-01-04,3780,3770,3740,3760,36439,ACB
998,2016-01-05,3740,3750,3700,3700,47676,ACB
999,2016-01-06,3700,3740,3700,3720,40589,ACB
1000,2016-01-07,3680,3680,3610,3650,94027,ACB
1001,2016-01-07,3680,3680,3610,3650,94027,ACB
1002,2016-01-08,3630,3660,3640,3650,84809,ACB
1003,2016-01-11,3630,3650,3610,3630,37405,ACB
1004,2016-01-12,3630,3680,3620,3630,48154,ACB
1005,2016-01-13,3680,3680,3620,3630,81357,ACB
1006,2016-01-14,3670,3660,3610,3630,315858,ACB
1007,2016-01-15,3630,3680,3640,3650,260588,ACB
1008,2016-01-18,3530,3600,3520,3550,325887,ACB
1009,2016-01-19,3590,3620,3590,3610,71934,ACB
1010,2016-01-20,3610,3620,3590,3610,195341,ACB
1011,2016-01-21,3610,3640,3560,3610,91172,ACB
1012,2016-01-22,3570,3570,3520,3550,29413,ACB
1013,2016-01-25,3570,3710,3590,3650,143015,ACB
1014,2016-01-26,3650,3690,3610,3630,43819,ACB
1015,2016-01-27,3650,3650,3600,3630,154443,ACB
1016,2016-01-28,3990,3940,3530,3630,29261,ACB
1017,2016-01-29,3610,3650,3610,3630,85979,ACB
1018,2016-02-01,3610,3650,3600,3610,158690,ACB
1019,2016-02-02,3590,3650,3590,3630,113430,ACB
1020,2016-02-03,3630,3640,3620,3630,80000,ACB
1021,2016-02-04,3630,3630,3610,3630,120031,ACB
1022,2016-02-05,3610,3690,3610,3650,59764,ACB
1023,2016-02-15,3630,3670,3590,3630,25161,ACB
1024,2016-02-16,3630,3760,3660,3700,114193,ACB
1025,2016-02-17,3700,3720,3640,3670,141492,ACB
1026,2016-02-18,3650,3720,3640,3670,65316,ACB
1027,2016-02-19,3700,3710,3650,3670,162020,ACB
1028,2016-02-22,3630,3710,3620,3670,93741,ACB
1029,2016-02-23,3680,3720,3660,3670,268334,ACB
1030,2016-02-24,3480,3920,3530,3820,613706,ACB
1031,2016-02-25,3950,4110,3750,3780,170309,ACB
1032,2016-02-26,3780,3820,3780,3800,54693,ACB
1033,2016-02-29,3800,3820,3740,3760,192525,ACB
1034,2016-03-01,3760,3770,3740,3740,140511,ACB
1035,2016-03-02,3740,3740,3700,3720,187244,ACB
1036,2016-03-03,3740,3750,3700,3720,209795,ACB
1037,2016-03-04,3700,3810,3730,3760,106154,ACB
1038,2016-03-07,3720,3830,3770,3780,168692,ACB
1039,2016-03-08,3760,3680,3550,3630,349888,ACB
1040,2016-03-09,3700,3730,3670,3700,72850,ACB
1041,2016-03-10,3680,3710,3670,3680,127860,ACB
1042,2016-03-11,3670,3750,3700,3700,38679,ACB
1043,2016-03-14,3670,3670,3610,3650,130070,ACB
1044,2016-03-15,3740,3740,3650,3670,75369,ACB
1045,2016-03-16,3680,3690,3650,3670,85539,ACB
1046,2016-03-17,3680,3690,3640,3650,51939,ACB
1047,2016-03-18,3630,3670,3630,3650,49217,ACB
1048,2016-03-21,3610,3660,3450,3630,48938,ACB
1049,2016-03-22,3590,3640,3580,3610,143433,ACB
1050,2016-03-23,3590,3610,3560,3590,349539,ACB
1051,2016-03-24,3610,3610,3570,3570,60102,ACB
1052,2016-03-25,3630,3580,3510,3550,28280,ACB
1053,2016-03-28,3590,3590,3540,3550,28313,ACB
1054,2016-03-29,3530,3550,3530,3530,72908,ACB
1055,2016-03-30,3570,3480,3280,3380,215414,ACB
1056,2016-03-31,3510,3540,3460,3490,104162,ACB
1057,2016-04-01,3530,3520,3440,3490,125723,ACB
1058,2016-04-04,3530,3550,3450,3490,69304,ACB
1059,2016-04-05,3480,3460,3430,3440,59056,ACB
1060,2016-04-06,3440,3430,3400,3420,164962,ACB
1061,2016-04-07,3440,3520,3470,3480,32738,ACB
1062,2016-04-08,3490,3570,3520,3530,51607,ACB
1063,2016-04-11,3510,3520,3500,3510,49001,ACB
1064,2016-04-12,3510,3500,3480,3490,71515,ACB
1065,2016-04-13,3490,3500,3440,3460,94770,ACB
1066,2016-04-14,3440,3440,3360,3400,89740,ACB
1067,2016-04-15,3490,3490,3400,3420,66580,ACB
1068,2016-04-19,3480,3490,3400,3400,27773,ACB
1069,2016-04-20,3440,3420,3360,3380,73200,ACB
1070,2016-04-21,3380,3400,3360,3380,76583,ACB
1071,2016-04-22,3340,3520,3390,3480,126434,ACB
1072,2016-04-25,3440,3500,3430,3440,19229,ACB
1073,2016-04-26,3440,3460,3420,3440,117712,ACB
1074,2016-04-27,3460,3420,3370,3400,241006,ACB
1075,2016-04-28,3440,3430,3370,3380,39419,ACB
1076,2016-04-29,3380,3450,3390,3420,75474,ACB
1077,2016-05-04,3380,3480,3400,3420,48056,ACB
1078,2016-05-05,3380,3430,3370,3400,151701,ACB
1079,2016-05-06,3420,3420,3390,3400,111028,ACB
1080,2016-05-09,3400,3450,3390,3440,233846,ACB
1081,2016-05-10,3460,3480,3400,3420,92709,ACB
1082,2016-05-11,3420,3460,3400,3420,362991,ACB
1083,2016-05-12,3440,3730,3510,3590,569423,ACB
1084,2016-05-13,3590,3620,3510,3570,303678,ACB
1085,2016-05-16,3550,3660,3580,3630,193462,ACB
1086,2016-05-17,3630,3660,3580,3630,266987,ACB
1087,2016-05-18,3610,3770,3560,3680,520514,ACB
1088,2016-05-19,3680,3740,3670,3700,102855,ACB
1089,2016-05-20,3630,3720,3620,3650,50349,ACB
1090,2016-05-23,3610,3570,3490,3530,144346,ACB
1091,2016-05-24,3530,3560,3520,3530,204898,ACB
1092,2016-05-25,3530,3540,3490,3510,174731,ACB
1093,2016-05-26,3530,3540,3470,3490,373996,ACB
1094,2016-05-27,3490,3560,3520,3530,170308,ACB
1095,2016-05-30,3550,3550,3510,3530,90100,ACB
1096,2016-05-31,3590,3560,3480,3510,190183,ACB
1097,2016-06-01,3570,3590,3530,3530,72389,ACB
1098,2016-06-02,3510,3540,3500,3530,49600,ACB
1099,2016-06-03,3530,3560,3500,3530,94742,ACB
1100,2016-06-06,3530,3650,3550,3570,142834,ACB
1101,2016-06-07,3570,3590,3570,3570,28025,ACB
1102,2016-06-08,3570,3610,3550,3590,42707,ACB
1103,2016-06-09,3590,3630,3590,3610,83647,ACB
1104,2016-06-10,3590,3650,3600,3630,82355,ACB
1105,2016-06-13,3610,3670,3600,3630,138648,ACB
1106,2016-06-14,3630,3680,3630,3650,113252,ACB
1107,2016-06-15,3650,3650,3630,3650,51430,ACB
1108,2016-06-16,3650,3660,3620,3650,135735,ACB
1109,2016-06-17,3630,3660,3640,3650,118867,ACB
1110,2016-06-20,3630,3700,3670,3670,49716,ACB
1111,2016-06-21,3650,3690,3650,3670,130676,ACB
1112,2016-06-22,3630,3690,3650,3670,108886,ACB
1113,2016-06-23,3630,3700,3660,3670,62511,ACB
1114,2016-06-24,3630,3740,3510,3670,153703,ACB
1115,2016-06-27,3510,3700,3560,3650,102503,ACB
1116,2016-06-28,3550,3700,3630,3630,18644,ACB
1117,2016-06-29,3570,3660,3600,3630,65672,ACB
1118,2016-06-30,3630,3640,3600,3630,20698,ACB
1119,2016-07-01,3570,3690,3610,3630,160733,ACB
1120,2016-07-04,3570,3570,3510,3530,289840,ACB
1121,2016-07-05,3530,3570,3500,3530,224536,ACB
1122,2016-07-06,3530,3540,3500,3530,119879,ACB
1123,2016-07-07,3530,3620,3540,3570,46124,ACB
1124,2016-07-08,3570,3580,3540,3570,213318,ACB
1125,2016-07-11,3550,3550,3510,3530,256181,ACB
1126,2016-07-12,3530,3550,3510,3530,26771,ACB
1127,2016-07-13,3530,3750,3580,3630,437147,ACB
1128,2016-07-14,3630,3690,3600,3630,855293,ACB
1129,2016-07-15,3680,3690,3610,3630,218899,ACB
1130,2016-07-18,3590,3660,3580,3610,59135,ACB
1131,2016-07-19,3610,3620,3470,3530,465733,ACB
1132,2016-07-20,3530,3550,3510,3530,109114,ACB
1133,2016-07-21,3550,3550,3480,3490,115206,ACB
1134,2016-07-22,3490,3470,3440,3460,70617,ACB
1135,2016-07-25,3460,3490,3430,3460,73600,ACB
1136,2016-07-26,3460,3440,3390,3420,143345,ACB
1137,2016-07-27,3420,3440,3400,3420,59291,ACB
1138,2016-07-28,3440,3440,3400,3420,33402,ACB
1139,2016-07-29,3420,3480,3430,3460,138157,ACB
1140,2016-08-01,3440,3420,3370,3400,39056,ACB
1141,2016-08-02,3400,3380,3320,3340,76750,ACB
1142,2016-08-03,3340,3330,3290,3300,75348,ACB
1143,2016-08-04,3340,3380,3320,3340,110262,ACB
1144,2016-08-05,3340,3400,3350,3360,70318,ACB
1145,2016-08-08,3360,3380,3340,3360,69544,ACB
1146,2016-08-09,3360,3380,3340,3360,32488,ACB
1147,2016-08-10,3380,3420,3380,3380,136283,ACB
1148,2016-08-11,3380,3390,3370,3380,16038,ACB
1149,2016-08-12,3400,3420,3370,3380,48499,ACB
1150,2016-08-15,3360,3360,3330,3340,39933,ACB
1151,2016-08-16,3340,3450,3350,3400,106540,ACB
1152,2016-08-17,3400,3410,3370,3380,117280,ACB
1153,2016-08-18,3380,3430,3360,3360,113815,ACB
1154,2016-08-19,3360,3370,3350,3360,126316,ACB
1155,2016-08-22,3340,3360,3340,3340,64989,ACB
1156,2016-08-23,3340,3380,3350,3360,100523,ACB
1157,2016-08-24,3360,3370,3330,3340,53493,ACB
1158,2016-08-25,3360,3450,3390,3400,86057,ACB
1159,2016-08-26,3340,3430,3360,3420,74750,ACB
1160,2016-08-29,3420,3420,3400,3400,133815,ACB
1161,2016-08-30,3400,3400,3400,3400,55861,ACB
1162,2016-08-31,3420,3470,3430,3440,192835,ACB
1163,2016-09-01,3440,3420,3400,3420,81398,ACB
1164,2016-09-05,3400,3400,3380,3400,78738,ACB
1165,2016-09-06,3400,3440,3420,3420,100607,ACB
1166,2016-09-07,3400,3410,3370,3400,37441,ACB
1167,2016-09-08,3380,3420,3380,3400,38923,ACB
1168,2016-09-09,3300,3400,3300,3380,9453,ACB
1169,2016-09-12,3360,3390,3350,3360,137291,ACB
1170,2016-09-13,3340,3350,3320,3340,76695,ACB
1171,2016-09-14,3340,3340,3300,3320,151529,ACB
1172,2016-09-15,3300,3340,3290,3300,160591,ACB
1173,2016-09-16,3260,3350,3290,3300,120039,ACB
1174,2016-09-19,3280,3280,3240,3260,39590,ACB
1175,2016-09-20,3260,3300,3240,3260,117888,ACB
1176,2016-09-21,3260,3370,3260,3320,181530,ACB
1177,2016-09-22,3340,3330,3290,3300,52251,ACB
1178,2016-09-23,3280,3340,3300,3320,54315,ACB
1179,2016-09-26,3320,3300,3260,3280,55181,ACB
1180,2016-09-27,3260,3340,3280,3300,112486,ACB
1181,2016-09-28,3280,3540,3340,3480,960835,ACB
1182,2016-09-29,3490,3510,3480,3490,413417,ACB
1183,2016-09-30,3490,3520,3470,3490,281903,ACB
1184,2016-10-03,3510,3620,3430,3550,584999,ACB
1185,2016-10-04,3550,3700,3550,3650,728172,ACB
1186,2016-10-05,3650,3760,3650,3720,650032,ACB
1187,2016-10-06,3740,3780,3700,3720,445683,ACB
1188,2016-10-07,3680,3690,3550,3630,474856,ACB
1189,2016-10-10,3630,3680,3600,3630,595489,ACB
1190,2016-10-11,3630,3680,3600,3630,325562,ACB
1191,2016-10-12,3650,3800,3640,3680,742105,ACB
1192,2016-10-13,3670,3730,3680,3700,297562,ACB
1193,2016-10-14,3700,3710,3670,3680,399942,ACB
1194,2016-10-17,3670,3660,3640,3650,379894,ACB
1195,2016-10-18,3650,3680,3650,3670,383550,ACB
1196,2016-10-19,3670,3800,3690,3740,894546,ACB
1197,2016-10-20,3740,3770,3690,3720,176834,ACB
1198,2016-10-21,3720,3720,3690,3700,115481,ACB
1199,2016-10-24,3680,3680,3600,3630,435877,ACB
1200,2016-10-25,3630,3710,3630,3670,228430,ACB
1201,2016-10-26,3670,3680,3640,3650,123409,ACB
1202,2016-10-27,3650,3680,3650,3670,184931,ACB
1203,2016-10-28,3650,3730,3660,3700,109185,ACB
1204,2016-10-31,3680,3680,3600,3630,200973,ACB
1205,2016-11-01,3630,3710,3660,3670,246218,ACB
1206,2016-11-02,3650,3660,3620,3650,74747,ACB
1207,2016-11-03,3650,3650,3600,3630,263536,ACB
1208,2016-11-04,3630,3640,3620,3630,51973,ACB
1209,2016-11-07,3630,3660,3620,3650,140965,ACB
1210,2016-11-08,3650,3640,3620,3630,240477,ACB
1211,2016-11-09,3630,3600,3410,3570,510554,ACB
1212,2016-11-10,3570,3690,3600,3650,149865,ACB
1213,2016-11-11,3650,3660,3620,3650,180044,ACB
1214,2016-11-14,3650,3630,3620,3630,189722,ACB
1215,2016-11-15,3670,3680,3640,3650,147050,ACB
1216,2016-11-16,3650,3630,3590,3610,165430,ACB
1217,2016-11-17,3630,3640,3630,3630,216720,ACB
1218,2016-11-18,3630,3620,3600,3610,232504,ACB
1219,2016-11-21,3650,3660,3620,3630,45941,ACB
1220,2016-11-22,3650,3660,3640,3650,289066,ACB
1221,2016-11-23,3650,3710,3670,3680,184640,ACB
1222,2016-11-24,3680,3740,3700,3700,154688,ACB
1223,2016-11-25,3650,3720,3670,3700,179786,ACB
1224,2016-11-28,3700,3700,3620,3650,110554,ACB
1225,2016-11-29,3630,3660,3640,3650,234984,ACB
1226,2016-11-30,3630,3670,3630,3650,151350,ACB
1227,2016-12-01,3700,3820,3710,3780,381829,ACB
1228,2016-12-02,3780,3740,3640,3720,71031,ACB
1229,2016-12-05,3740,3710,3650,3680,49063,ACB
1230,2016-12-06,3720,3690,3550,3590,239780,ACB
1231,2016-12-07,3590,3590,3480,3530,226091,ACB
1232,2016-12-08,3610,3580,3500,3530,220042,ACB
1233,2016-12-09,3550,3620,3530,3590,103048,ACB
1234,2016-12-12,3590,3600,3550,3570,30478,ACB
1235,2016-12-13,3570,3530,3450,3490,125191,ACB
1236,2016-12-14,3530,3530,3440,3490,93783,ACB
1237,2016-12-15,3570,3550,3470,3510,141933,ACB
1238,2016-12-16,3570,3650,3560,3610,112809,ACB
1239,2016-12-19,3660,3630,3550,3570,232663,ACB
1240,2016-12-20,3590,3600,3560,3570,273119,ACB
1241,2016-12-21,3590,3880,3650,3760,939567,ACB
1242,2016-12-22,3760,3790,3680,3740,430272,ACB
1243,2016-12-23,3680,3720,3600,3630,390028,ACB
1244,2016-12-26,3660,3800,3690,3740,142239,ACB
1245,2016-12-27,3680,3690,3610,3660,320223,ACB
1246,2016-12-28,3700,3680,3660,3680,220675,ACB
1247,2016-12-29,3660,3730,3620,3700,398898,ACB
1248,2016-12-30,3720,3740,3680,3700,132554,ACB
1249,2017-01-03,3720,4080,3800,3990,1609757,ACB
1250,2017-01-04,3990,4059,3960,4010,739000,ACB
1251,2017-01-04,3990,4059,3960,4010,739000,ACB
1252,2017-01-05,4030,4059,3970,4010,471881,ACB
1253,2017-01-06,4010,4420,3990,4220,1409824,ACB
1254,2017-01-09,4220,4430,4260,4370,970791,ACB
1255,2017-01-10,4370,4470,4300,4410,942499,ACB
1256,2017-01-11,4370,4590,4380,4540,1447461,ACB
1257,2017-01-12,4520,4650,4460,4540,1158392,ACB
1258,2017-01-13,4500,4610,4440,4520,1230784,ACB
1259,2017-01-16,4520,4620,4520,4580,575469,ACB
1260,2017-01-17,4620,4950,4650,4830,1398174,ACB
1261,2017-01-18,4830,4920,4760,4850,1360520,ACB
1262,2017-01-19,4850,4910,4760,4830,542576,ACB
1263,2017-01-20,4830,4920,4780,4850,614473,ACB
1264,2017-01-23,4850,4900,4750,4810,867359,ACB
1265,2017-01-24,4810,5040,4790,4940,722901,ACB
1266,2017-01-25,4920,5020,4910,4960,437171,ACB
1267,2017-02-02,4960,5070,4860,5000,693910,ACB
1268,2017-02-03,5000,5140,4990,5080,1124649,ACB
1269,2017-02-06,5080,5030,4870,4960,1767267,ACB
1270,2017-02-07,5000,5070,4900,4980,820988,ACB
1271,2017-02-08,4980,5060,4930,4980,627023,ACB
1272,2017-02-09,4980,5000,4960,4980,480866,ACB
1273,2017-02-10,4980,5060,4980,5020,2354611,ACB
1274,2017-02-13,5060,5040,4870,4940,1102014,ACB
1275,2017-02-14,4940,4980,4900,4940,630201,ACB
1276,2017-02-15,4940,4930,4830,4890,1719050,ACB
1277,2017-02-16,4920,4830,4660,4770,1657991,ACB
1278,2017-02-17,4730,4800,4700,4770,886909,ACB
1279,2017-02-20,4770,4840,4730,4770,1208009,ACB
1280,2017-02-21,4770,4800,4740,4770,992334,ACB
1281,2017-02-22,4770,4800,4680,4750,890701,ACB
1282,2017-02-23,4750,4780,4710,4750,599354,ACB
1283,2017-02-24,4770,4870,4660,4770,2041146,ACB
1284,2017-02-27,4770,4860,4790,4810,652055,ACB
1285,2017-02-28,4830,4860,4780,4810,493768,ACB
1286,2017-03-01,4790,4830,4700,4750,947826,ACB
1287,2017-03-02,4750,4780,4690,4730,356057,ACB
1288,2017-03-03,4730,4900,4730,4790,658085,ACB
1289,2017-03-06,4810,4840,4730,4750,767074,ACB
1290,2017-03-07,4790,4800,4710,4730,342874,ACB
1291,2017-03-08,4730,5030,4670,4890,3300268,ACB
1292,2017-03-09,4890,4960,4830,4920,2499511,ACB
1293,2017-03-10,4890,5020,4870,4980,3996520,ACB
1294,2017-03-13,4980,4910,4740,4810,3149747,ACB
1295,2017-03-14,4810,4850,4740,4790,1043292,ACB
1296,2017-03-15,4790,4970,4740,4850,1841218,ACB
1297,2017-03-16,4870,4910,4840,4870,1849057,ACB
1298,2017-03-17,4920,5100,4810,4920,5329369,ACB
1299,2017-03-20,4940,5080,4960,5020,5125254,ACB
1300,2017-03-21,5060,5350,5110,5250,10618307,ACB
1301,2017-03-22,5250,5330,5180,5250,4597625,ACB
1302,2017-03-23,5250,5280,5170,5230,3086794,ACB
1303,2017-03-24,5230,5460,5220,5360,7262960,ACB
1304,2017-03-27,5360,5420,5210,5290,4647682,ACB
1305,2017-03-28,5290,5260,5120,5190,3883267,ACB
1306,2017-03-29,5210,5250,5120,5170,4693967,ACB
1307,2017-03-30,5170,5240,5130,5190,2636139,ACB
1308,2017-03-31,5210,5240,5120,5150,2374460,ACB
1309,2017-04-03,5150,5380,5180,5250,4561999,ACB
1310,2017-04-04,5270,5390,5220,5310,4282474,ACB
1311,2017-04-05,5310,5360,5230,5290,2922560,ACB
1312,2017-04-07,5290,5310,5180,5210,2654414,ACB
1313,2017-04-10,5210,5220,5060,5120,4172644,ACB
1314,2017-04-11,5120,5030,4890,4980,3447528,ACB
1315,2017-04-12,4980,4960,4770,4850,4187963,ACB
1316,2017-04-13,4850,4900,4790,4830,1942706,ACB
1317,2017-04-14,4830,4890,4740,4810,2869490,ACB
1318,2017-04-17,4810,4820,4660,4730,1791452,ACB
1319,2017-04-18,4750,4860,4740,4810,1966220,ACB
1320,2017-04-19,4810,4810,4760,4770,904604,ACB
1321,2017-04-20,4770,4810,4730,4770,1029547,ACB
1322,2017-04-21,4770,4800,4740,4770,1166146,ACB
1323,2017-04-24,4730,4760,4720,4730,1041557,ACB
1324,2017-04-25,4680,4710,4600,4640,1796943,ACB
1325,2017-04-26,4680,4860,4710,4770,1183165,ACB
1326,2017-04-27,4770,4820,4740,4770,867590,ACB
1327,2017-04-28,4750,4980,4730,4870,3189572,ACB
1328,2017-05-03,4870,5050,4900,5000,2622355,ACB
1329,2017-05-04,5020,5040,4960,5000,1511935,ACB
1330,2017-05-05,5000,5010,4890,4940,1540483,ACB
1331,2017-05-08,4920,4920,4800,4850,1334252,ACB
1332,2017-05-09,4850,5040,4870,4980,1873308,ACB
1333,2017-05-10,5020,5020,4940,4980,1722684,ACB
1334,2017-05-11,4980,4960,4850,4920,1225352,ACB
1335,2017-05-12,4960,5000,4940,4960,1408743,ACB
1336,2017-05-15,4960,4990,4910,4940,1557823,ACB
1337,2017-05-16,4890,5100,4890,5020,4063912,ACB
1338,2017-05-17,5020,5180,5070,5120,2463380,ACB
1339,2017-05-18,5120,5220,5030,5150,4440070,ACB
1340,2017-05-19,5150,5250,5080,5190,3380097,ACB
1341,2017-05-22,5190,5370,5160,5270,8110171,ACB
1342,2017-05-23,5290,5230,5040,5150,3154806,ACB
1343,2017-05-24,5150,5380,5170,5290,2741337,ACB
1344,2017-05-25,5310,5360,5210,5270,4482961,ACB
1345,2017-05-26,5270,5290,5230,5250,1931186,ACB
1346,2017-05-29,5210,5360,5210,5270,2434669,ACB
1347,2017-05-30,5270,5380,5230,5250,3271836,ACB
1348,2017-05-31,5230,5310,5210,5250,1808309,ACB
1349,2017-06-01,5250,5280,5150,5210,2213300,ACB
1350,2017-06-02,5210,5240,5130,5190,2357600,ACB
1351,2017-06-05,5190,5260,5150,5210,2071223,ACB
1352,2017-06-06,5290,5360,5280,5310,2786052,ACB
1353,2017-06-07,5360,5670,5350,5540,9677631,ACB
1354,2017-06-08,5540,5560,5420,5480,1793086,ACB
1355,2017-06-09,5460,5540,5440,5500,1633448,ACB
1356,2017-06-12,5500,5520,5410,5460,2711450,ACB
1357,2017-06-13,5460,5680,5490,5570,2560207,ACB
1358,2017-06-14,5590,5650,5570,5610,2095019,ACB
1359,2017-06-15,5610,5590,5500,5540,2027588,ACB
1360,2017-06-16,5540,5560,5520,5540,1073742,ACB
1361,2017-06-19,5590,5620,5550,5590,2509473,ACB
1362,2017-06-20,5610,5690,5600,5630,2009016,ACB
1363,2017-06-21,5630,5630,5460,5520,3907011,ACB
1364,2017-06-22,5520,5540,5460,5480,1990597,ACB
1365,2017-06-23,5460,5470,5360,5400,2881921,ACB
1366,2017-06-26,5400,5540,5430,5480,1201089,ACB
1367,2017-06-27,5460,5490,5410,5440,681015,ACB
1368,2017-06-28,5420,5470,5380,5420,861040,ACB
1369,2017-06-29,5420,5490,5420,5460,928253,ACB
1370,2017-06-30,5480,5480,5420,5440,663360,ACB
1371,2017-07-03,5460,5610,5460,5540,2832824,ACB
1372,2017-07-04,5540,5570,5460,5500,913620,ACB
1373,2017-07-05,5500,5610,5500,5570,1489515,ACB
1374,2017-07-06,5570,5590,5530,5570,1436039,ACB
1375,2017-07-07,5570,5630,5510,5570,2656919,ACB
1376,2017-07-10,5570,5540,5370,5440,2657063,ACB
1377,2017-07-11,5440,5470,5400,5440,1562679,ACB
1378,2017-07-12,5440,5480,5420,5440,1160871,ACB
1379,2017-07-13,5440,5480,5420,5440,734955,ACB
1380,2017-07-14,5460,5460,5390,5420,366894,ACB
1381,2017-07-17,5420,5300,5120,5230,3160757,ACB
1382,2017-07-18,5230,5320,5220,5270,2229835,ACB
1383,2017-07-19,5270,5300,5260,5270,584611,ACB
1384,2017-07-20,5270,5330,5260,5290,731184,ACB
1385,2017-07-21,5290,5290,5230,5250,357297,ACB
1386,2017-07-24,5250,5240,5120,5190,1117565,ACB
1387,2017-07-25,5230,5310,5250,5270,808354,ACB
1388,2017-07-26,5270,5430,5300,5380,651186,ACB
1389,2017-07-27,5310,5370,5240,5340,581124,ACB
1390,2017-07-28,5360,5450,5370,5420,718964,ACB
1391,2017-07-31,5460,5500,5420,5460,1567378,ACB
1392,2017-08-01,5480,5540,5450,5480,1566838,ACB
1393,2017-08-02,5440,5520,5430,5480,1578560,ACB
1394,2017-08-03,5480,5500,5440,5460,936752,ACB
1395,2017-08-04,5420,5440,5400,5420,1200627,ACB
1396,2017-08-07,5420,5520,5410,5460,1478734,ACB
1397,2017-08-08,5540,5570,5440,5460,382940,ACB
1398,2017-08-09,5460,5450,5320,5380,1649412,ACB
1399,2017-08-10,5340,5400,5310,5340,1139760,ACB
1400,2017-08-11,5360,5350,5310,5340,774623,ACB
1401,2017-08-14,5310,5400,5310,5400,657975,ACB
1402,2017-08-15,5400,5440,5400,5420,799795,ACB
1403,2017-08-16,5420,5460,5420,5440,487273,ACB
1404,2017-08-17,5460,5430,5330,5380,553039,ACB
1405,2017-08-18,5360,5430,5320,5400,1175485,ACB
1406,2017-08-21,5400,5590,5360,5500,4413094,ACB
1407,2017-08-22,5520,5560,5460,5500,986115,ACB
1408,2017-08-23,5480,5590,5500,5540,740021,ACB
1409,2017-08-24,5540,5880,5630,5760,7254759,ACB
1410,2017-08-25,5760,5890,5700,5800,2024567,ACB
1411,2017-08-28,5800,6090,5860,5990,2649215,ACB
1412,2017-08-29,5990,6140,5850,6010,4269159,ACB
1413,2017-08-30,6010,6050,5930,5990,1653058,ACB
1414,2017-08-31,6010,6120,5940,6030,2318417,ACB
1415,2017-09-01,6030,6080,5950,6010,709220,ACB
1416,2017-09-05,6010,6140,6010,6090,990815,ACB
1417,2017-09-06,6110,6110,6030,6070,626895,ACB
1418,2017-09-07,6070,6070,5950,6010,1174302,ACB
1419,2017-09-08,6010,5980,5840,5900,1334473,ACB
1420,2017-09-11,5880,5910,5700,5780,2132362,ACB
1421,2017-09-12,5780,5930,5780,5840,1235103,ACB
1422,2017-09-13,5860,6020,5890,5960,677371,ACB
1423,2017-09-14,5940,5950,5870,5920,1994968,ACB
1424,2017-09-15,5920,5980,5880,5900,1606884,ACB
1425,2017-09-18,5900,5960,5860,5920,1222983,ACB
1426,2017-09-19,5920,5950,5820,5900,1331569,ACB
1427,2017-09-20,5940,5950,5880,5900,882705,ACB
1428,2017-09-21,5940,6040,5910,5960,1389322,ACB
1429,2017-09-22,5960,6210,6020,6130,3958618,ACB
1430,2017-09-25,6130,6460,6160,6320,3381864,ACB
1431,2017-09-26,6360,6500,6350,6430,2766949,ACB
1432,2017-09-27,6410,6380,6280,6320,1153295,ACB
1433,2017-09-28,6950,6960,6310,6360,1223493,ACB
1434,2017-09-29,6360,6500,6370,6430,920886,ACB
1435,2017-10-02,6450,6420,6340,6380,755459,ACB
1436,2017-10-03,6340,6430,6300,6360,1368746,ACB
1437,2017-10-04,6360,6570,6440,6490,1937080,ACB
1438,2017-10-05,6490,6480,6290,6410,3049742,ACB
1439,2017-10-06,6410,6650,6460,6570,2764427,ACB
1440,2017-10-09,6570,6780,6570,6700,3064014,ACB
1441,2017-10-10,6510,6770,6490,6700,1666381,ACB
1442,2017-10-11,6720,6780,6690,6720,1813951,ACB
1443,2017-10-12,6720,6730,6640,6680,1384961,ACB
1444,2017-10-13,6700,6870,6660,6800,1752064,ACB
1445,2017-10-16,6800,6920,6810,6870,1321717,ACB
1446,2017-10-17,6870,6920,6870,6890,953781,ACB
1447,2017-10-18,6970,7000,6830,6910,2272988,ACB
1448,2017-10-19,6910,6900,6740,6800,1941687,ACB
1449,2017-10-20,6800,6780,6580,6660,2328487,ACB
1450,2017-10-23,6660,6590,6380,6450,2601188,ACB
1451,2017-10-24,5820,6640,5890,6530,2602005,ACB
1452,2017-10-25,6550,6820,6580,6700,1101897,ACB
1453,2017-10-26,6700,6690,6540,6620,1924655,ACB
1454,2017-10-27,6620,6780,6630,6700,909500,ACB
1455,2017-10-30,6740,6660,6430,6570,1998813,ACB
1456,2017-10-31,6700,6650,6310,6430,2365341,ACB
1457,2017-11-01,6430,6490,6410,6450,954826,ACB
1458,2017-11-02,6450,6380,6170,6260,3243328,ACB
1459,2017-11-03,6260,6530,6270,6380,2147564,ACB
1460,2017-11-06,6300,6530,6340,6470,798248,ACB
1461,2017-11-07,6470,6500,6420,6470,1229311,ACB
1462,2017-11-08,6490,6660,6530,6600,1340921,ACB
1463,2017-11-09,6600,6670,6570,6620,1171786,ACB
1464,2017-11-10,6620,6810,6640,6720,2280926,ACB
1465,2017-11-13,6740,6740,6620,6680,1861000,ACB
1466,2017-11-14,6680,6920,6650,6760,1848620,ACB
1467,2017-11-15,6890,6910,6750,6830,1475303,ACB
1468,2017-11-16,6850,7000,6850,6950,4200524,ACB
1469,2017-11-17,6970,7020,6850,6950,2288362,ACB
1470,2017-11-20,6950,6960,6790,6890,1424314,ACB
1471,2017-11-21,6890,7000,6790,6890,2009143,ACB
1472,2017-11-22,6870,7270,6860,7120,2907841,ACB
1473,2017-11-23,7120,7240,7010,7140,2520785,ACB
1474,2017-11-24,7180,7230,7080,7160,1537052,ACB
1475,2017-11-27,7160,7270,7100,7180,1772248,ACB
1476,2017-11-28,7140,7230,7090,7140,1486928,ACB
1477,2017-11-29,7140,7270,7140,7250,1466786,ACB
1478,2017-11-30,7310,7420,7240,7330,3947759,ACB
1479,2017-12-01,7350,7450,7350,7390,2204688,ACB
1480,2017-12-04,7390,7770,7480,7670,2828261,ACB
1481,2017-12-05,7690,7470,7140,7350,2451061,ACB
1482,2017-12-06,7330,7480,7270,7330,2935533,ACB
1483,2017-12-07,7330,7760,7480,7600,2485591,ACB
1484,2017-12-08,7600,7610,7510,7560,1018775,ACB
1485,2017-12-11,7540,7510,7320,7440,2361314,ACB
1486,2017-12-12,7420,7710,6910,7270,6629673,ACB
1487,2017-12-13,7270,7380,7000,7100,1608497,ACB
1488,2017-12-14,7100,7260,7110,7180,1835286,ACB
1489,2017-12-15,7180,7260,7130,7180,1141285,ACB
1490,2017-12-18,7250,7440,7290,7370,1869613,ACB
1491,2017-12-19,7440,7390,7240,7310,1988171,ACB
1492,2017-12-20,7310,7390,7240,7310,4205447,ACB
1493,2017-12-21,7390,7330,7220,7290,4333480,ACB
1494,2017-12-22,7290,7320,7220,7270,2073496,ACB
1495,2017-12-25,7270,7330,7190,7250,3242655,ACB
1496,2017-12-26,7250,7350,7240,7290,4904103,ACB
1497,2017-12-27,7290,7780,7360,7670,6668024,ACB
1498,2017-12-28,7690,7780,7670,7730,5694848,ACB
1499,2017-12-29,7770,7840,7650,7750,4466849,ACB
1500,2018-01-02,7770,8370,7920,8150,3657426,ACB
1501,2018-01-02,7770,8370,7920,8150,3657426,ACB
1502,2018-01-03,8150,8210,7980,8130,5056543,ACB
1503,2018-01-04,8130,8189,8090,8150,6365641,ACB
1504,2018-01-05,8189,8290,8060,8150,6453452,ACB
1505,2018-01-08,8150,8570,8290,8420,3879771,ACB
1506,2018-01-09,8440,8620,8260,8460,4745410,ACB
1507,2018-01-10,8510,8510,8240,8360,4638024,ACB
1508,2018-01-11,8360,8510,8300,8400,4924236,ACB
1509,2018-01-12,8400,8340,8070,8210,7568499,ACB
1510,2018-01-15,8210,8290,8080,8189,3366618,ACB
1511,2018-01-16,8189,8250,8080,8150,3387031,ACB
1512,2018-01-17,8150,8310,8000,8189,4081715,ACB
1513,2018-01-18,8039,8460,8200,8300,3733257,ACB
1514,2018-01-19,8320,8440,8189,8300,4677507,ACB
1515,2018-01-22,8300,8530,8320,8440,4545380,ACB
1516,2018-01-23,8510,8770,8430,8700,7923102,ACB
1517,2018-01-24,8760,8760,8510,8630,4139581,ACB
1518,2018-01-25,8650,8970,8460,8780,8429425,ACB
1519,2018-01-26,8820,8970,8720,8840,4970555,ACB
1520,2018-01-29,8820,8930,8740,8820,4937869,ACB
1521,2018-01-30,8800,8820,8670,8740,3927399,ACB
1522,2018-01-31,8740,8840,8630,8760,6436073,ACB
1523,2018-02-01,8760,8730,8480,8610,6434280,ACB
1524,2018-02-02,8610,8800,8630,8720,3810505,ACB
1525,2018-02-05,8740,8600,8150,8400,5066909,ACB
1526,2018-02-06,8109,8670,7920,8170,7329750,ACB
1527,2018-02-07,8210,8820,8230,8550,2625378,ACB
1528,2018-02-08,8550,8510,8150,8300,2011871,ACB
1529,2018-02-09,7670,8690,7890,8380,3861562,ACB
1530,2018-02-12,8550,9000,8720,8820,2149455,ACB
1531,2018-02-13,8930,9370,8920,9180,5453039,ACB
1532,2018-02-21,9180,9450,9120,9350,3300915,ACB
1533,2018-02-22,9410,9400,9160,9280,3505413,ACB
1534,2018-02-23,9280,9490,9260,9390,4133818,ACB
1535,2018-02-26,9410,9700,9410,9520,10048941,ACB
1536,2018-02-27,9540,9850,9570,9750,4107205,ACB
1537,2018-02-28,9770,9980,9640,9870,4274179,ACB
1538,2018-03-01,9870,9850,9470,9660,5379316,ACB
1539,2018-03-02,9660,9940,9620,9770,5264337,ACB
1540,2018-03-05,9770,9380,8760,9240,6171135,ACB
1541,2018-03-06,9240,9810,9380,9640,4279645,ACB
1542,2018-03-07,9660,9660,9350,9490,5017215,ACB
1543,2018-03-08,9620,9610,9440,9520,4041111,ACB
1544,2018-03-09,9560,9920,9610,9830,4829484,ACB
1545,2018-03-12,9870,10300,9960,10210,4944538,ACB
1546,2018-03-13,10230,10450,10200,10330,3683159,ACB
1547,2018-03-14,10610,10670,10250,10330,2974601,ACB
1548,2018-03-15,10360,10450,10240,10380,4032484,ACB
1549,2018-03-16,10460,10700,10450,10590,4163554,ACB
1550,2018-03-19,10710,11010,10780,10860,4889388,ACB
1551,2018-03-20,10980,11330,10980,11180,4552573,ACB
1552,2018-03-21,11180,11240,10940,11070,6287554,ACB
1553,2018-03-22,11070,11040,10740,10860,5892543,ACB
1554,2018-03-23,10860,10940,10360,10630,6436238,ACB
1555,2018-03-26,10630,11140,10740,10930,2814607,ACB
1556,2018-03-27,11000,11090,10830,10980,3305080,ACB
1557,2018-03-28,10950,10960,10750,10840,2276552,ACB
1558,2018-03-29,10900,10830,10700,10770,2039780,ACB
1559,2018-03-30,10630,10880,10670,10790,2092042,ACB
1560,2018-04-02,10810,11620,11050,11370,4372662,ACB
1561,2018-04-03,11370,11420,11190,11320,3577394,ACB
1562,2018-04-04,11320,11450,11240,11340,3555414,ACB
1563,2018-04-05,11370,11600,11420,11510,3934100,ACB
1564,2018-04-06,11530,11930,11560,11760,5500996,ACB
1565,2018-04-09,11780,11930,11680,11810,3474752,ACB
1566,2018-04-10,11830,11850,11500,11670,4550311,ACB
1567,2018-04-11,11670,11550,11080,11280,6377260,ACB
1568,2018-04-12,11110,11770,11340,11530,3604332,ACB
1569,2018-04-13,11550,11480,11020,11210,3102131,ACB
1570,2018-04-16,11180,11360,11040,11230,2787061,ACB
1571,2018-04-17,11230,11560,11280,11440,3122300,ACB
1572,2018-04-18,11440,11440,11070,11300,3237045,ACB
1573,2018-04-19,11090,11240,10820,11020,4945285,ACB
1574,2018-04-20,11090,11200,10990,11110,3450025,ACB
1575,2018-04-23,11180,10890,9820,10280,8144218,ACB
1576,2018-04-24,10300,10470,9960,10260,3660608,ACB
1577,2018-04-26,10280,9820,8940,9380,7285702,ACB
1578,2018-04-27,8460,10400,8650,9800,4667596,ACB
1579,2018-05-02,9940,9860,9490,9700,2669126,ACB
1580,2018-05-03,9150,10500,9490,10050,3695726,ACB
1581,2018-05-04,10050,10180,9950,10070,2929704,ACB
1582,2018-05-07,10100,10940,10370,10630,4340830,ACB
1583,2018-05-08,10630,10590,10380,10490,2703990,ACB
1584,2018-05-09,10490,10380,10080,10260,2964394,ACB
1585,2018-05-10,10260,10040,9410,9800,4538604,ACB
1586,2018-05-11,9800,10530,9890,10170,3944111,ACB
1587,2018-05-14,10190,10340,10090,10240,1239598,ACB
1588,2018-05-15,10300,10410,10110,10280,2883487,ACB
1589,2018-05-16,10240,11080,9740,9940,3938151,ACB
1590,2018-05-17,9820,10040,9790,9910,2023797,ACB
1591,2018-05-18,9910,10100,9560,9890,2708148,ACB
1592,2018-05-21,9960,9840,9590,9750,1908680,ACB
1593,2018-05-22,9700,9680,9250,9500,4833825,ACB
1594,2018-05-23,9520,9750,9440,9590,2846035,ACB
1595,2018-05-24,9640,9580,9390,9470,1360084,ACB
1596,2018-05-25,9470,9400,9040,9240,3370106,ACB
1597,2018-05-28,9130,8820,7980,8360,6642188,ACB
1598,2018-05-29,7530,9450,7780,9080,4694583,ACB
1599,2018-05-30,9130,9040,8720,8870,3049815,ACB
1600,2018-05-31,8870,9410,8990,9240,3560671,ACB
1601,2018-06-01,9240,9550,9130,9360,5402896,ACB
1602,2018-06-04,9240,9940,9350,9700,5546226,ACB
1603,2018-06-05,9700,9780,9550,9640,4692768,ACB
1604,2018-06-06,9640,10290,9770,10000,5668743,ACB
1605,2018-06-07,10000,9960,9680,9800,5212644,ACB
1606,2018-06-08,9800,10100,9840,9960,3702961,ACB
1607,2018-06-11,9980,9990,9650,9840,4129106,ACB
1608,2018-06-12,10170,10210,9380,9610,6941376,ACB
1609,2018-06-13,9640,9750,9470,9590,2338458,ACB
1610,2018-06-14,9590,9530,9210,9380,3797018,ACB
1611,2018-06-15,9430,9670,9340,9540,3289834,ACB
1612,2018-06-18,9560,9470,8990,9200,5078608,ACB
1613,2018-06-19,9200,9420,8740,9010,8643727,ACB
1614,2018-06-20,9010,9240,8960,9100,2915611,ACB
1615,2018-06-21,9130,9040,8720,8830,1583386,ACB
1616,2018-06-22,8800,9350,8870,9100,2637598,ACB
1617,2018-06-25,9030,9150,8670,9080,2808160,ACB
1618,2018-06-26,9080,9080,8870,8940,2232783,ACB
1619,2018-06-27,9010,8850,8470,8660,2689583,ACB
1620,2018-06-28,8660,8510,8150,8340,5075935,ACB
1621,2018-06-29,8360,8410,8109,8220,3031531,ACB
1622,2018-07-02,8220,8130,7490,7690,6858520,ACB
1623,2018-07-03,7720,7510,6760,7160,7375018,ACB
1624,2018-07-04,7050,7570,7220,7390,4127586,ACB
1625,2018-07-05,7230,7180,6620,6910,4948503,ACB
1626,2018-07-06,6700,7890,6970,7580,7854475,ACB
1627,2018-07-09,7620,7740,7440,7620,4587386,ACB
1628,2018-07-10,7620,7960,7660,7830,3244193,ACB
1629,2018-07-11,7720,7690,7120,7370,7023863,ACB
1630,2018-07-12,8090,8150,7430,7650,4150902,ACB
1631,2018-07-13,7650,8000,7180,7900,3940996,ACB
1632,2018-07-16,7970,8090,7860,7970,3769038,ACB
1633,2018-07-17,8300,8490,8020,8220,5135363,ACB
1634,2018-07-18,8320,8480,8140,8360,4359010,ACB
1635,2018-07-19,8360,8300,8070,8180,6338767,ACB
1636,2018-07-20,8180,8500,7990,8500,8925712,ACB
1637,2018-07-23,8530,8360,8070,8250,4970456,ACB
1638,2018-07-24,8250,8620,7930,8130,4390214,ACB
1639,2018-07-25,8660,8400,7620,7860,4478560,ACB
1640,2018-07-26,7070,8340,7140,8039,6326835,ACB
1641,2018-07-27,8090,8320,8080,8220,4283058,ACB
1642,2018-07-30,8250,8430,8220,8340,3446870,ACB
1643,2018-07-31,8320,8430,8220,8270,4169999,ACB
1644,2018-08-01,8270,8310,8080,8200,3370615,ACB
1645,2018-08-02,8200,8330,8119,8200,4547726,ACB
1646,2018-08-03,8270,8300,8100,8200,3765836,ACB
1647,2018-08-06,8200,8250,8039,8130,2378607,ACB
1648,2018-08-07,8160,8280,8070,8200,3340719,ACB
1649,2018-08-08,8220,8590,8310,8480,6086041,ACB
1650,2018-08-09,8480,8590,8390,8500,6024097,ACB
1651,2018-08-10,8500,8750,8490,8620,4939666,ACB
1652,2018-08-13,8620,8930,8620,8800,7344210,ACB
1653,2018-08-14,8870,8770,8570,8660,3333384,ACB
1654,2018-08-15,8710,8670,8400,8550,6050256,ACB
1655,2018-08-16,8500,8670,8390,8500,6703679,ACB
1656,2018-08-17,8500,8600,8410,8500,3162682,ACB
1657,2018-08-20,8530,8580,8390,8480,3250515,ACB
1658,2018-08-21,8480,8900,8620,8760,5164728,ACB
1659,2018-08-22,8780,8800,8640,8730,4526943,ACB
1660,2018-08-23,8760,8900,8760,8830,3014955,ACB
1661,2018-08-24,8830,9120,8800,8960,7614923,ACB
1662,2018-08-27,9010,9050,8890,8960,3180882,ACB
1663,2018-08-28,8990,9040,8950,8990,5158953,ACB
1664,2018-08-29,9080,9180,9020,9080,4615659,ACB
1665,2018-08-30,9100,9240,9120,9170,4212097,ACB
1666,2018-08-31,9170,9110,8930,9030,4286128,ACB
1667,2018-09-04,8990,8890,8620,8780,5963473,ACB
1668,2018-09-05,8760,8840,8590,8690,4808542,ACB
1669,2018-09-06,9030,9010,8580,8690,3164832,ACB
1670,2018-09-07,8690,8960,8780,8870,2485961,ACB
1671,2018-09-10,8870,8820,8130,8720,3148899,ACB
1672,2018-09-11,8690,8820,8690,8770,3898476,ACB
1673,2018-09-12,8820,8780,8680,8740,2964205,ACB
1674,2018-09-13,8770,9000,8760,8870,6398577,ACB
1675,2018-09-14,8870,9000,8870,8950,4140257,ACB
1676,2018-09-17,8950,8900,8770,8820,1908269,ACB
1677,2018-09-18,8770,9000,8840,8900,2411600,ACB
1678,2018-09-19,8930,8980,8840,8900,2798730,ACB
1679,2018-09-20,8900,9060,8930,8980,3473652,ACB
1680,2018-09-21,9010,9200,9040,9140,7293427,ACB
1681,2018-09-24,9170,9170,9070,9110,2805624,ACB
1682,2018-09-25,9090,9110,8950,9030,3999558,ACB
1683,2018-09-26,9030,9080,8920,9010,2915363,ACB
1684,2018-09-27,9010,9040,8940,9010,2942652,ACB
1685,2018-09-28,9030,9150,8990,9060,3783478,ACB
1686,2018-10-01,9060,9040,8860,8950,3222310,ACB
1687,2018-10-02,8950,8950,8740,8850,5220366,ACB
1688,2018-10-03,9030,9020,8810,8900,1954922,ACB
1689,2018-10-04,8900,9100,8910,9030,3180913,ACB
1690,2018-10-05,9030,8990,8830,8930,4183777,ACB
1691,2018-10-08,8900,9030,8900,8950,2175364,ACB
1692,2018-10-09,8950,9000,8920,8950,3010019,ACB
1693,2018-10-10,8950,8990,8880,8930,2803041,ACB
1694,2018-10-11,8850,8650,7900,8240,9392018,ACB
1695,2018-10-12,8130,8670,8130,8500,4923922,ACB
1696,2018-10-15,8560,8410,8100,8240,2403128,ACB
1697,2018-10-16,8240,8370,8240,8320,1942897,ACB
1698,2018-10-17,8420,8460,8300,8370,2292759,ACB
1699,2018-10-18,8370,8320,8160,8240,1691619,ACB
1700,2018-10-19,8210,8500,8020,8240,2186199,ACB
1701,2018-10-22,8240,8240,8109,8180,1648420,ACB
1702,2018-10-23,8180,8039,7700,7860,4059421,ACB
1703,2018-10-24,7860,7900,7640,7780,3420367,ACB
1704,2018-10-25,7680,7980,7490,7680,5147562,ACB
1705,2018-10-26,7730,7770,7360,7520,2884427,ACB
1706,2018-10-29,7520,7510,7270,7440,3999762,ACB
1707,2018-10-30,7440,7730,7380,7570,3626018,ACB
1708,2018-10-31,7600,8260,7800,8050,4795396,ACB
1709,2018-11-01,8050,7970,7630,7780,2904172,ACB
1710,2018-11-02,7840,8189,7950,8080,4366028,ACB
1711,2018-11-05,8080,8170,7930,8020,3088300,ACB
1712,2018-11-06,8020,7980,7710,7810,2657882,ACB
1713,2018-11-07,7840,7880,7700,7780,2944403,ACB
1714,2018-11-08,7890,7900,7710,7810,2607660,ACB
1715,2018-11-09,7810,7760,7520,7620,2981239,ACB
1716,2018-11-12,7620,7680,7540,7620,1775059,ACB
1717,2018-11-13,7600,7600,7440,7520,2753099,ACB
1718,2018-11-14,7490,7490,7200,7330,3291576,ACB
1719,2018-11-15,7200,7420,7160,7310,2698586,ACB
1720,2018-11-16,7310,7740,7370,7570,3519615,ACB
1721,2018-11-19,7520,7760,7570,7700,2238672,ACB
1722,2018-11-20,7700,7740,7640,7680,2168097,ACB
1723,2018-11-21,7600,7760,7580,7680,2458849,ACB
1724,2018-11-22,7940,7970,7700,7810,4403748,ACB
1725,2018-11-23,7840,7760,7630,7700,2688110,ACB
1726,2018-11-26,7570,7770,7610,7730,1633057,ACB
1727,2018-11-27,7730,7740,7550,7650,2599848,ACB
1728,2018-11-28,7120,7920,7190,7810,3171523,ACB
1729,2018-11-29,7840,7900,7770,7840,3544622,ACB
1730,2018-11-30,7310,8010,7310,7920,2971296,ACB
1731,2018-12-03,7940,8490,8109,8320,4691062,ACB
1732,2018-12-04,8320,8430,8210,8260,2802120,ACB
1733,2018-12-05,8210,8350,8140,8240,3447060,ACB
1734,2018-12-06,8180,8270,8080,8180,3345040,ACB
1735,2018-12-07,8210,8210,8029,8130,2288776,ACB
1736,2018-12-10,8100,8220,7950,8100,2669530,ACB
1737,2018-12-11,7310,8230,7300,8130,2484639,ACB
1738,2018-12-12,8050,8260,8100,8210,1157684,ACB
1739,2018-12-13,8240,8210,8100,8160,1772531,ACB
1740,2018-12-14,8160,8109,8039,8080,2099130,ACB
1741,2018-12-17,8050,7940,7730,7860,2746380,ACB
1742,2018-12-18,7810,7940,7770,7860,2694145,ACB
1743,2018-12-19,8640,8690,7810,7860,1319853,ACB
1744,2018-12-20,7810,7900,7800,7860,1170804,ACB
1745,2018-12-21,7840,7870,7770,7810,1670803,ACB
1746,2018-12-24,7440,7810,7410,7700,2237789,ACB
1747,2018-12-25,7650,7740,7550,7650,4310235,ACB
1748,2018-12-26,6910,7700,6900,7620,1518665,ACB
1749,2018-12-27,7810,7900,7720,7810,2409678,ACB
1750,2018-12-28,7840,7980,7810,7860,2193351,ACB
0,2019-01-02,7860,7860,7670,7760,1103106,ACB
1,2019-01-03,6990,7630,6900,7470,1956382,ACB
2,2019-01-04,7440,7670,7430,7520,2771983,ACB
3,2019-01-07,7680,7660,7560,7620,1305819,ACB
4,2019-01-08,8340,8320,7550,7570,846226,ACB
5,2019-01-09,7600,7770,7610,7700,2196358,ACB
6,2019-01-10,7700,7710,7660,7680,1378687,ACB
7,2019-01-11,7700,7710,7630,7680,1250077,ACB
8,2019-01-14,7650,7660,7610,7620,937155,ACB
9,2019-01-15,7490,7770,7070,7730,901146,ACB
10,2019-01-16,7730,7730,7600,7650,509354,ACB
11,2019-01-17,7680,7720,7640,7680,737519,ACB
12,2019-01-18,7700,7680,7520,7600,1412966,ACB
13,2019-01-21,7620,8020,7670,7840,2079830,ACB
14,2019-01-22,7890,7830,7640,7730,1845725,ACB
15,2019-01-23,7700,7770,7690,7730,1160094,ACB
16,2019-01-24,7760,7820,7690,7760,1743450,ACB
17,2019-01-25,7920,7880,7700,7760,836534,ACB
18,2019-01-28,7760,7760,7420,7680,997088,ACB
19,2019-01-29,7650,7780,7670,7700,1091518,ACB
20,2019-01-30,8240,8240,7700,7780,1565464,ACB
21,2019-01-31,7860,7870,7740,7810,1674668,ACB
22,2019-02-01,7810,7880,7800,7840,781100,ACB
23,2019-02-11,7920,8290,7940,8020,1713857,ACB
24,2019-02-12,8020,8150,8039,8100,2059630,ACB
25,2019-02-13,8130,8160,8060,8100,2093177,ACB
26,2019-02-14,8100,8050,7950,8000,1357835,ACB
27,2019-02-15,8000,8100,7990,8020,2176902,ACB
28,2019-02-18,8020,8100,8020,8080,1908779,ACB
29,2019-02-19,8100,8070,7990,8050,2754758,ACB
30,2019-02-20,8050,8119,8039,8080,1693486,ACB
31,2019-02-21,8080,8080,7920,8000,2970459,ACB
32,2019-02-22,8020,8200,7980,8100,3974330,ACB
33,2019-02-25,8160,8330,8090,8240,3874034,ACB
34,2019-02-26,8180,8290,8130,8180,2277127,ACB
35,2019-02-27,8180,8189,8080,8130,1544839,ACB
36,2019-02-28,8180,8060,7770,7890,3793504,ACB
37,2019-03-01,7920,8029,7870,7970,1478830,ACB
38,2019-03-04,7970,8180,8020,8080,3120806,ACB
39,2019-03-05,8080,8130,7970,8050,2465893,ACB
40,2019-03-06,8020,8119,8010,8050,1178516,ACB
41,2019-03-07,8080,8140,8039,8100,3301746,ACB
42,2019-03-08,8080,8119,8020,8050,1416810,ACB
43,2019-03-11,8050,8160,8050,8080,1032198,ACB
44,2019-03-12,8100,8330,8160,8210,2504257,ACB
45,2019-03-13,8260,8430,8220,8340,5473410,ACB
46,2019-03-14,8340,8480,8290,8370,2333220,ACB
47,2019-03-15,8400,8480,8350,8420,2649931,ACB
48,2019-03-18,8450,8540,8400,8480,3739699,ACB
49,2019-03-19,8500,8430,8220,8320,2828856,ACB
50,2019-03-20,8340,8330,8140,8240,3143264,ACB
51,2019-03-21,8240,8200,7940,8080,2939770,ACB
52,2019-03-22,8080,8150,8070,8100,1819172,ACB
53,2019-03-25,8080,8109,7970,8000,2275202,ACB
54,2019-03-26,8020,8080,8000,8050,1540206,ACB
55,2019-03-27,8080,8130,8029,8080,856984,ACB
56,2019-03-28,8080,8090,8010,8050,1366727,ACB
57,2019-03-29,8050,8090,8010,8050,1915257,ACB
58,2019-04-01,8050,8070,8020,8050,751744,ACB
59,2019-04-02,8100,8109,8000,8050,1184570,ACB
60,2019-04-03,8100,8090,7930,8000,1394796,ACB
61,2019-04-04,7940,8060,7960,8020,1091143,ACB
62,2019-04-05,8020,8070,7990,8020,767879,ACB
63,2019-04-08,8020,8260,8080,8180,2224599,ACB
64,2019-04-09,8180,8150,8020,8100,1801683,ACB
65,2019-04-10,8050,8050,7970,8020,868574,ACB
66,2019-04-11,8130,8150,8020,8050,905666,ACB
67,2019-04-12,8020,8070,7990,8020,1051329,ACB
68,2019-04-16,8020,8020,7920,7970,1328836,ACB
69,2019-04-17,8000,8000,7900,7940,688254,ACB
70,2019-04-18,7780,7950,7770,7890,1019057,ACB
71,2019-04-19,7920,7900,7820,7860,599302,ACB
72,2019-04-22,7890,7890,7730,7780,1362678,ACB
73,2019-04-23,7810,8000,7790,7860,1651748,ACB
74,2019-04-24,7890,8109,7920,8000,1062284,ACB
75,2019-04-25,8000,8029,7900,7970,745480,ACB
76,2019-04-26,7970,8039,7960,8000,1123078,ACB
77,2019-05-02,8020,7980,7830,7890,1134878,ACB
78,2019-05-03,7920,8000,7950,7970,1115126,ACB
79,2019-05-06,7970,7920,7760,7810,1381176,ACB
80,2019-05-07,7970,7990,7780,7840,869471,ACB
81,2019-05-08,7780,7910,7780,7840,1019991,ACB
82,2019-05-09,7810,7790,7690,7730,603773,ACB
83,2019-05-10,7730,7840,7730,7780,646916,ACB
84,2019-05-13,7810,7820,7720,7760,913337,ACB
85,2019-05-14,7760,7810,7700,7730,1601854,ACB
86,2019-05-15,7730,7910,7750,7840,1290890,ACB
87,2019-05-16,7860,7830,7730,7780,1467241,ACB
88,2019-05-17,7780,7790,7740,7760,852070,ACB
89,2019-05-20,7780,7830,7720,7780,675438,ACB
90,2019-05-21,7810,7860,7750,7810,1385291,ACB
91,2019-05-22,7810,7910,7780,7860,1274690,ACB
92,2019-05-23,7940,7990,7800,7840,630966,ACB
93,2019-05-24,7230,7820,7210,7760,891367,ACB
94,2019-05-27,7730,7750,7700,7700,911886,ACB
95,2019-05-28,7700,7740,7660,7680,941132,ACB
96,2019-05-29,7680,7850,7720,7760,1083726,ACB
97,2019-05-30,7730,7760,7710,7730,725399,ACB
98,2019-05-31,7700,7770,7660,7700,1025615,ACB
99,2019-06-03,7620,7670,7560,7620,1150302,ACB
100,2019-06-04,7620,7670,7560,7600,870018,ACB
101,2019-06-05,7600,7720,7640,7680,1056785,ACB
102,2019-06-06,7680,7670,7530,7570,912088,ACB
103,2019-06-07,7570,7670,7590,7620,282088,ACB
104,2019-06-10,7620,7640,7560,7600,463155,ACB
105,2019-06-11,7600,7620,7600,7600,563995,ACB
106,2019-06-12,7600,7600,7550,7570,557708,ACB
107,2019-06-13,7570,7630,7580,7600,846792,ACB
108,2019-06-14,7600,7670,7560,7620,1047441,ACB
109,2019-06-17,7620,7670,7590,7620,896432,ACB
110,2019-06-18,7620,7730,7650,7680,769216,ACB
111,2019-06-19,7680,7710,7630,7680,506197,ACB
112,2019-06-20,7680,7960,7740,7860,1436398,ACB
113,2019-06-21,7860,7910,7750,7840,826692,ACB
114,2019-06-24,7840,7890,7810,7840,1421227,ACB
115,2019-06-25,7840,7870,7710,7760,1331315,ACB
116,2019-06-26,7700,7740,7680,7700,389568,ACB
117,2019-06-27,7700,7690,7560,7600,873525,ACB
118,2019-06-28,7600,7760,7650,7680,670700,ACB
119,2019-07-01,7810,7820,7710,7760,640739,ACB
120,2019-07-02,7760,7720,7640,7680,388434,ACB
121,2019-07-03,7700,7720,7610,7650,643573,ACB
122,2019-07-04,7680,7800,7700,7760,925764,ACB
123,2019-07-05,7780,7780,7700,7760,799873,ACB
124,2019-07-08,7760,7790,7660,7700,428679,ACB
125,2019-07-09,7700,7970,7760,7920,2778824,ACB
126,2019-07-10,7920,7930,7830,7860,1121395,ACB
127,2019-07-11,7860,8090,7880,8020,2082872,ACB
128,2019-07-12,8050,8039,7940,8000,888185,ACB
129,2019-07-15,8000,8010,7930,7970,933272,ACB
130,2019-07-16,7970,8070,7970,8020,1196262,ACB
131,2019-07-17,8020,8220,8039,8160,2508774,ACB
132,2019-07-18,8080,8220,8060,8180,1601573,ACB
133,2019-07-19,8500,8490,8170,8290,2877999,ACB
134,2019-07-22,9110,9100,8150,8240,1903199,ACB
135,2019-07-23,8240,8250,8140,8180,1951764,ACB
136,2019-07-24,8180,8280,8070,8160,3961188,ACB
137,2019-07-25,8220,8320,8189,8189,2097782,ACB
138,2019-07-26,8220,8220,8050,8080,1052101,ACB
139,2019-07-29,8010,8080,7910,7940,1258626,ACB
140,2019-07-30,7880,8050,7880,7910,1100105,ACB
141,2019-07-31,7980,7980,7840,7880,893714,ACB
142,2019-08-01,7840,7940,7740,7770,1903052,ACB
143,2019-08-02,7770,7810,7600,7700,1774559,ACB
144,2019-08-05,7700,7700,7530,7600,2538864,ACB
145,2019-08-06,7080,7560,7080,7500,1820835,ACB
146,2019-08-07,7530,7600,7460,7460,1031673,ACB
147,2019-08-08,7120,7600,6910,7600,1066927,ACB
148,2019-08-09,7390,7700,7390,7560,726110,ACB
149,2019-08-12,7600,7600,7530,7600,578401,ACB
150,2019-08-13,7560,7600,7460,7560,574727,ACB
151,2019-08-14,7600,7670,7500,7500,906910,ACB
152,2019-08-15,7500,7500,7360,7500,1470311,ACB
153,2019-08-16,7560,7630,7430,7560,1536110,ACB
154,2019-08-19,7600,7700,7560,7600,1209980,ACB
155,2019-08-20,7630,7700,7630,7670,1318890,ACB
156,2019-08-21,7670,7740,7630,7700,2791144,ACB
157,2019-08-22,7770,7880,7740,7840,1653260,ACB
158,2019-08-23,7840,7880,7740,7810,815330,ACB
159,2019-08-26,7770,7770,7630,7770,1015427,ACB
160,2019-08-27,7740,7810,7700,7770,1016097,ACB
161,2019-08-28,7740,7770,7670,7670,513225,ACB
162,2019-08-29,7700,7740,7600,7630,636900,ACB
163,2019-08-30,7700,7770,7630,7670,544010,ACB
164,2019-09-03,7670,7740,7560,7630,484897,ACB
165,2019-09-04,7630,7630,7530,7600,365320,ACB
166,2019-09-05,7630,7630,7560,7600,625327,ACB
167,2019-09-06,7600,7630,7500,7560,516662,ACB
168,2019-09-09,7530,7600,7500,7560,369511,ACB
169,2019-09-10,7560,7560,7460,7500,821441,ACB
170,2019-09-11,7500,7530,7460,7530,429890,ACB
171,2019-09-12,7560,7670,7530,7670,622048,ACB
172,2019-09-13,7700,7810,7630,7810,1325067,ACB
173,2019-09-16,7810,7840,7700,7740,1238267,ACB
174,2019-09-17,7740,7740,7630,7700,1189898,ACB
175,2019-09-18,7700,7810,7670,7740,1542208,ACB
176,2019-09-19,7740,8010,7700,7980,3421555,ACB
177,2019-09-20,8119,8770,7980,8010,2535289,ACB
178,2019-09-23,8010,8150,7980,8050,2878182,ACB
179,2019-09-24,8050,8080,7980,8010,1324749,ACB
180,2019-09-25,7980,8010,7910,7940,1522720,ACB
181,2019-09-26,7940,8050,7910,8050,2320597,ACB
182,2019-09-27,8640,8640,8010,8010,2163685,ACB
183,2019-09-30,8050,8150,8010,8080,2304040,ACB
184,2019-10-01,8080,8189,8050,8189,1846967,ACB
185,2019-10-02,8119,8220,8119,8150,2160049,ACB
186,2019-10-03,8119,8150,8050,8150,1856827,ACB
187,2019-10-04,8150,8220,8119,8150,1582366,ACB
188,2019-10-07,8150,8150,8010,8010,1931392,ACB
189,2019-10-08,8010,8080,7980,8050,1159716,ACB
190,2019-10-09,8080,8189,8050,8189,1715656,ACB
191,2019-10-10,8189,8390,8189,8290,4857384,ACB
192,2019-10-11,8290,8360,8260,8290,1525076,ACB
193,2019-10-14,8290,8460,8290,8460,3538655,ACB
194,2019-10-15,8460,8500,8390,8430,2327203,ACB
195,2019-10-16,8460,8500,8430,8430,2073772,ACB
196,2019-10-17,8390,8430,8320,8430,1915729,ACB
197,2019-10-18,8460,8460,8290,8320,1865732,ACB
198,2019-10-21,8290,8360,8080,8080,2742188,ACB
199,2019-10-22,8080,8119,8050,8119,1660272,ACB
200,2019-10-23,8119,8189,8119,8119,983685,ACB
201,2019-10-24,8150,8150,8080,8150,921275,ACB
202,2019-10-25,8150,8150,8080,8150,1105479,ACB
203,2019-10-28,8150,8260,8150,8189,1090296,ACB
204,2019-10-29,8220,8260,8150,8189,1702377,ACB
205,2019-10-30,8220,8430,8150,8390,7431303,ACB
206,2019-10-31,8390,8430,7770,8320,1293107,ACB
207,2019-11-01,8189,8390,8189,8360,1907428,ACB
208,2019-11-04,8360,8530,8360,8500,3939389,ACB
209,2019-11-05,8530,8600,8500,8500,3578931,ACB
210,2019-11-06,8570,8570,8460,8500,2507149,ACB
211,2019-11-07,8500,8530,8460,8500,2102499,ACB
212,2019-11-08,8600,8670,8500,8570,3921492,ACB
213,2019-11-11,8570,8600,8530,8530,1719955,ACB
214,2019-11-12,8530,8530,8460,8530,1574994,ACB
215,2019-11-13,8530,8740,8530,8640,3575361,ACB
216,2019-11-14,8640,8670,8460,8460,2291325,ACB
217,2019-11-15,8430,8500,8430,8430,1652242,ACB
218,2019-11-18,8430,8460,8290,8320,2764302,ACB
219,2019-11-19,8320,8360,8290,8360,1398481,ACB
220,2019-11-20,8390,8390,8260,8260,1357644,ACB
221,2019-11-21,7600,8320,7600,8290,1782516,ACB
222,2019-11-22,8290,8290,7980,8010,3363603,ACB
223,2019-11-25,8050,8150,8010,8080,1949233,ACB
224,2019-11-26,8119,8189,8119,8150,577968,ACB
225,2019-11-27,8150,8189,8010,8010,952900,ACB
226,2019-11-28,8050,8050,7880,7910,1688171,ACB
227,2019-11-29,7910,7980,7880,7980,800193,ACB
228,2019-12-02,7980,8010,7770,7810,1640609,ACB
229,2019-12-03,7840,7910,7740,7810,1422078,ACB
230,2019-12-04,7840,7980,7770,7980,1314925,ACB
231,2019-12-05,8010,8010,7910,7940,1242216,ACB
232,2019-12-06,7940,7980,7910,7940,698762,ACB
233,2019-12-09,7940,7940,7840,7910,814425,ACB
234,2019-12-10,7910,7940,7810,7880,573899,ACB
235,2019-12-11,7880,7910,7810,7910,785569,ACB
236,2019-12-12,7910,7980,7910,7940,656342,ACB
237,2019-12-13,7940,8050,7940,8010,1445939,ACB
238,2019-12-16,8010,8010,7940,7940,951838,ACB
239,2019-12-17,7940,7940,7880,7880,940104,ACB
240,2019-12-18,7840,7880,7770,7770,1132793,ACB
241,2019-12-19,7810,7810,7740,7770,625416,ACB
242,2019-12-20,7810,7840,7770,7840,1043390,ACB
243,2019-12-23,7840,7940,7840,7880,1786089,ACB
244,2019-12-24,7910,7910,7840,7840,821359,ACB
245,2019-12-25,7880,7910,7810,7910,1121331,ACB
246,2019-12-26,7880,7880,7810,7810,893827,ACB
247,2019-12-27,7810,7840,7770,7840,906262,ACB
248,2019-12-30,7840,7910,7810,7840,1367912,ACB
249,2019-12-31,7840,7910,7770,7880,1649842,ACB
3,2020-01-02,7880,7940,7840,7940,1163109,ACB
4,2020-01-03,7940,8010,7910,7940,1055528,ACB
5,2020-01-06,7940,7940,7770,7770,1286035,ACB
6,2020-01-07,7770,7840,7770,7770,1050934,ACB
7,2020-01-08,7770,7770,7600,7630,2304937,ACB
8,2020-01-09,7670,7810,7670,7740,1422248,ACB
9,2020-01-10,7770,7980,7770,7840,2371501,ACB
10,2020-01-13,7910,7910,7840,7910,1523181,ACB
11,2020-01-14,7910,8119,7910,8119,2851982,ACB
12,2020-01-15,8119,8119,8010,8050,1158657,ACB
13,2020-01-16,8050,8290,8050,8260,2819687,ACB
14,2020-01-17,8290,8320,8189,8220,2706194,ACB
15,2020-01-20,8220,8530,8220,8390,4443379,ACB
16,2020-01-21,8460,8530,8390,8460,1775816,ACB
17,2020-01-22,8500,8500,8390,8460,1574379,ACB
18,2020-01-30,8360,8390,8010,8150,4250097,ACB
19,2020-01-31,8119,8220,7910,7940,4243264,ACB
20,2020-02-03,7700,7940,7500,7810,4430186,ACB
21,2020-02-04,7910,8010,7770,8010,2397062,ACB
22,2020-02-05,8080,8119,7910,7940,2790275,ACB
23,2020-02-06,7980,8290,7940,8290,2980981,ACB
24,2020-02-07,8290,8320,8150,8220,2007251,ACB
25,2020-02-10,8220,8260,8080,8150,1271190,ACB
26,2020-02-11,8150,8220,8119,8189,1862090,ACB
27,2020-02-12,8220,8880,8220,8840,10516207,ACB
28,2020-02-13,8840,8880,8670,8810,3773365,ACB
29,2020-02-14,8810,9260,8810,9120,8018099,ACB
30,2020-02-17,9080,9220,8980,9120,3764464,ACB
31,2020-02-18,9120,9360,9080,9190,6293208,ACB
32,2020-02-19,9150,9220,8950,9080,5091969,ACB
33,2020-02-20,9080,9330,9020,9120,5578717,ACB
34,2020-02-21,8600,9190,8600,8880,6333926,ACB
35,2020-02-24,8810,8840,8220,8290,10321149,ACB
36,2020-02-25,8119,8670,7980,8670,8279866,ACB
37,2020-02-26,8640,8670,8390,8500,4519324,ACB
38,2020-02-27,8360,8810,8360,8810,5309790,ACB
39,2020-02-28,7940,8740,7940,8700,5959642,ACB
40,2020-03-02,8430,8810,8430,8700,3629494,ACB
41,2020-03-03,8840,8950,8740,8840,6364207,ACB
42,2020-03-04,8840,8910,8740,8910,5047583,ACB
43,2020-03-05,8980,9120,8770,8840,5965022,ACB
44,2020-03-06,8810,8810,8670,8740,3959935,ACB
45,2020-03-09,8530,8530,7940,8050,16776046,ACB
46,2020-03-10,7940,8570,7910,8360,7582331,ACB
47,2020-03-11,8390,8430,7940,8080,7841324,ACB
48,2020-03-12,7940,7940,7430,7630,11082125,ACB
49,2020-03-13,7430,7770,7080,7600,9020091,ACB
50,2020-03-16,7600,7700,7150,7220,4614344,ACB
51,2020-03-17,7180,7390,6940,7290,6568088,ACB
52,2020-03-18,7360,7460,7220,7320,4944595,ACB
53,2020-03-19,7250,7360,7150,7290,4083896,ACB
54,2020-03-20,8010,8010,7250,7390,3341564,ACB
55,2020-03-23,7320,7390,6670,6670,10024177,ACB
56,2020-03-24,6600,6870,6600,6770,4315784,ACB
57,2020-03-25,6910,7180,6910,7080,4115341,ACB
58,2020-03-26,7120,7120,6800,6800,3631529,ACB
59,2020-03-27,6800,6940,6740,6800,3980631,ACB
60,2020-03-30,6740,6740,6180,6290,5925098,ACB
61,2020-03-31,6290,6490,6010,6150,4532153,ACB
62,2020-04-01,5560,6560,5560,6420,2761168,ACB
63,2020-04-03,6250,6700,6250,6600,3574343,ACB
64,2020-04-06,6700,7180,6600,7120,5757259,ACB
65,2020-04-07,7250,7250,6910,7010,4467621,ACB
66,2020-04-08,7700,7700,6800,6980,2331536,ACB
67,2020-04-09,7670,7670,6910,6910,4068966,ACB
68,2020-04-10,6560,6980,6560,6840,2517477,ACB
69,2020-04-13,6180,7050,6180,6910,1926793,ACB
70,2020-04-14,6910,6980,6800,6910,3167293,ACB
71,2020-04-15,6910,7150,6910,6980,3686239,ACB
72,2020-04-16,6980,7050,6940,7050,1895213,ACB
73,2020-04-17,7080,7290,7080,7250,4809341,ACB
74,2020-04-20,7320,7320,7120,7150,3064104,ACB
75,2020-04-21,7120,7120,6800,6840,6015799,ACB
76,2020-04-22,6840,7050,6700,7050,2637424,ACB
77,2020-04-23,7080,7180,7010,7010,2076603,ACB
78,2020-04-24,6980,7050,6910,7010,1264729,ACB
79,2020-04-27,7010,7120,6910,6940,1806851,ACB
80,2020-04-28,6940,7050,6910,7010,1246915,ACB
81,2020-04-29,7010,7080,6980,7080,1196049,ACB
82,2020-05-04,7080,7080,6940,7010,1193939,ACB
83,2020-05-05,6980,7050,6980,7010,1126770,ACB
84,2020-05-06,7050,7320,6980,7180,4453036,ACB
85,2020-05-07,7220,7320,7180,7320,2973997,ACB
86,2020-05-08,7360,7560,7250,7390,5995918,ACB
87,2020-05-11,7560,7560,7390,7500,4108808,ACB
88,2020-05-12,7500,7600,7390,7530,4057939,ACB
89,2020-05-13,7600,7600,7430,7500,3453900,ACB
90,2020-05-14,7500,7530,7390,7390,3827622,ACB
91,2020-05-15,7430,7670,7390,7500,6937907,ACB
92,2020-05-18,7560,7560,7390,7530,2771622,ACB
93,2020-05-19,7600,7770,7600,7670,5561531,ACB
94,2020-05-20,7630,7740,7600,7670,3116422,ACB
95,2020-05-21,7670,7840,7560,7740,4622625,ACB
96,2020-05-22,7770,7840,7700,7740,4841440,ACB
97,2020-05-25,7770,7840,7700,7810,3519682,ACB
98,2020-05-26,7770,8119,7770,8050,5267006,ACB
99,2020-05-27,8119,8189,7880,7880,6389497,ACB
100,2020-05-28,7880,8010,7880,7910,3568932,ACB
101,2020-05-29,7910,7940,7840,7910,2394358,ACB
102,2020-06-01,7940,8670,7910,8670,13859688,ACB
103,2020-06-02,8810,9150,8570,8570,10935462,ACB
104,2020-06-03,8570,8810,8570,8810,3758964,ACB
105,2020-06-04,8840,8880,8700,8740,5159832,ACB
106,2020-06-05,8770,8770,8600,8700,4025847,ACB
107,2020-06-08,8700,8980,8700,8770,6087882,ACB
108,2020-06-09,8810,8840,8700,8810,3531851,ACB
109,2020-06-10,8810,8950,8700,8840,6494275,ACB
110,2020-06-11,8840,8910,8430,8460,9172138,ACB
111,2020-06-12,8290,8460,8080,8460,6648375,ACB
112,2020-06-15,8530,8530,8010,8050,5885937,ACB
113,2020-06-16,8150,8360,8150,8220,4198360,ACB
114,2020-06-17,8390,8390,8119,8189,1599340,ACB
115,2020-06-18,8189,8260,8080,8220,1301526,ACB
116,2020-06-19,8220,8460,8220,8430,2334941,ACB
117,2020-06-22,8430,8530,8290,8320,2256643,ACB
118,2020-06-23,8360,8430,8260,8290,3282364,ACB
119,2020-06-24,8290,8390,8189,8220,3013466,ACB
120,2020-06-25,8189,8220,8119,8189,2500893,ACB
121,2020-06-26,8220,8290,8150,8150,1400341,ACB
122,2020-06-29,8150,8150,7840,7910,4353272,ACB
123,2020-06-30,7940,8050,7740,7880,3585625,ACB
124,2020-07-01,7880,8050,7880,8010,1676001,ACB
125,2020-07-02,8010,8080,7940,7980,1070089,ACB
126,2020-07-03,8010,8050,7940,7940,1271360,ACB
127,2020-07-06,7940,8189,7940,8150,3204367,ACB
128,2020-07-07,8189,8290,8189,8189,2389942,ACB
129,2020-07-08,8150,8290,8150,8260,1647694,ACB
130,2020-07-09,8260,8390,8260,8390,2248695,ACB
131,2020-07-10,8390,8430,8220,8290,2284971,ACB
132,2020-07-13,8320,8360,8220,8260,1840084,ACB
133,2020-07-14,8260,8320,8189,8290,1406915,ACB
134,2020-07-15,8360,8360,8290,8290,1570073,ACB
135,2020-07-16,8360,8360,8260,8290,903322,ACB
136,2020-07-17,8320,8640,8290,8570,7890281,ACB
137,2020-07-20,8570,8600,8460,8460,2622350,ACB
138,2020-07-21,8460,8500,8360,8500,2194410,ACB
139,2020-07-22,8500,8570,8360,8430,1726317,ACB
140,2020-07-23,8430,8430,8290,8360,1955757,ACB
141,2020-07-24,8390,8390,7770,8010,5532575,ACB
142,2020-07-27,7220,7910,7220,7530,6240477,ACB
143,2020-07-28,7530,7910,7430,7910,2598740,ACB
144,2020-07-29,7840,7880,7460,7670,4929532,ACB
145,2020-07-30,7500,7810,7500,7810,1914488,ACB
146,2020-07-31,7840,7840,7630,7770,2220749,ACB
147,2020-08-03,7630,8010,7630,8010,3044620,ACB
148,2020-08-04,8050,8260,8050,8189,2907562,ACB
149,2020-08-05,8260,8430,8189,8290,5472736,ACB
150,2020-08-06,8320,8320,8189,8220,1874899,ACB
151,2020-08-07,8260,8320,8119,8189,2150978,ACB
152,2020-08-10,8189,8320,8189,8220,2576760,ACB
153,2020-08-11,8290,8770,8260,8770,15333430,ACB
154,2020-08-12,8910,8950,8700,8770,6091725,ACB
155,2020-08-13,8770,8840,8740,8810,3803166,ACB
156,2020-08-14,8810,8810,8640,8740,6682494,ACB
157,2020-08-17,8740,8910,8700,8910,6222301,ACB
158,2020-08-18,8980,9020,8840,8840,4710796,ACB
159,2020-08-19,8880,8910,8770,8840,9263369,ACB
160,2020-08-20,9250,9520,8980,9340,19475136,ACB
161,2020-08-21,9340,9520,9250,9520,7392791,ACB
162,2020-08-24,9520,9650,9430,9430,6821518,ACB
163,2020-08-25,9430,9520,9340,9480,7801079,ACB
164,2020-08-26,9480,9560,9380,9520,6018699,ACB
165,2020-08-27,9520,9650,9480,9650,4863627,ACB
166,2020-08-28,9700,9790,9560,9610,6947593,ACB
167,2020-08-31,9610,9650,9480,9520,7008237,ACB
168,2020-09-01,9520,9560,9430,9480,7822064,ACB
169,2020-09-03,9480,9610,9430,9520,6080561,ACB
170,2020-09-04,9430,9520,9340,9480,4665691,ACB
171,2020-09-07,9480,9520,9340,9340,6067374,ACB
172,2020-09-08,9340,9380,9250,9250,12273484,ACB
173,2020-09-09,9250,9380,9120,9380,5021412,ACB
174,2020-09-10,9380,9520,9380,9380,3249267,ACB
175,2020-09-11,9380,9430,9300,9340,2350091,ACB
176,2020-09-14,9340,9560,9340,9520,5275848,ACB
177,2020-09-15,9520,9610,9480,9560,4632880,ACB
178,2020-09-16,9520,9560,9480,9520,2194115,ACB
179,2020-09-17,9560,9790,9480,9650,12323866,ACB
180,2020-09-18,9650,9740,9610,9740,3280690,ACB
181,2020-09-21,9790,10010,9700,9880,7244851,ACB
182,2020-09-22,9880,10010,9740,10010,8818518,ACB
183,2020-09-23,10010,10240,10010,10100,6511427,ACB
184,2020-09-24,10060,10150,9880,9970,5599785,ACB
185,2020-09-25,9970,10060,9830,9970,6416344,ACB
186,2020-09-28,9970,10240,9970,10150,8207740,ACB
187,2020-09-29,10190,10240,10010,10060,5923046,ACB
188,2020-09-30,10060,10100,9970,10100,3624221,ACB
189,2020-10-01,10010,10240,9970,10100,6510267,ACB
190,2020-10-02,10060,10550,10060,10330,23518516,ACB
191,2020-10-05,10330,10600,10280,10600,12875000,ACB
192,2020-10-06,10600,10870,10600,10780,10965000,ACB
193,2020-10-07,10780,10820,10460,10510,17681800,ACB
194,2020-10-08,10420,10640,10330,10420,13890500,ACB
195,2020-10-09,10420,10690,10370,10550,8717300,ACB
196,2020-10-12,10640,10690,10460,10460,8642000,ACB
197,2020-10-13,10510,10510,10370,10510,5319900,ACB
198,2020-10-14,10550,10820,10510,10780,20284500,ACB
199,2020-10-15,10780,11140,10730,11000,16334800,ACB
200,2020-10-16,11000,11230,10870,11090,8711000,ACB
201,2020-10-19,11230,11540,11180,11360,14148600,ACB
202,2020-10-20,11410,11500,11230,11360,11356300,ACB
203,2020-10-21,11410,11500,11320,11320,8864800,ACB
204,2020-10-22,11360,11680,11230,11500,9439500,ACB
205,2020-10-23,11590,11630,11450,11500,8023000,ACB
206,2020-10-26,11500,11590,11140,11140,11660700,ACB
207,2020-10-27,11090,11180,10960,10960,11720500,ACB
208,2020-10-28,10960,11000,10640,10690,14911600,ACB
209,2020-10-29,10600,10910,10420,10730,8510000,ACB
210,2020-10-30,10820,10910,10690,10820,4392700,ACB
211,2020-11-02,10870,11000,10780,11000,3775100,ACB
212,2020-11-03,11000,11320,11000,11230,7704400,ACB
213,2020-11-04,11270,11540,11270,11450,12599900,ACB
214,2020-11-05,11450,11540,11180,11180,8546200,ACB
215,2020-11-06,11180,11270,11140,11270,3669400,ACB
216,2020-11-09,11270,11450,11270,11410,5897700,ACB
217,2020-11-10,11540,11680,11360,11360,8852600,ACB
218,2020-11-11,11360,11450,11320,11410,4525100,ACB
219,2020-11-12,11410,11860,11410,11860,18943100,ACB
220,2020-11-13,11860,11990,11810,11900,6222800,ACB
221,2020-11-16,11900,12040,11760,11760,8979100,ACB
222,2020-11-17,11760,12210,11760,12210,16771100,ACB
223,2020-11-18,12210,12440,12080,12210,7919600,ACB
224,2020-11-19,12260,12350,12120,12210,6411600,ACB
225,2020-11-20,12260,12300,12040,12260,9590800,ACB
226,2020-11-23,12350,12390,12120,12260,10891200,ACB
227,2020-11-24,12260,12480,12170,12260,10353900,ACB
228,2020-11-25,12260,12390,12170,12260,6484600,ACB
229,2020-11-26,12260,12440,12120,12300,10030200,ACB
230,2020-11-27,12350,12390,12210,12210,5460400,ACB
231,2020-11-30,12300,12300,12120,12210,8939000,ACB
232,2020-12-01,12210,12260,12040,12260,9242900,ACB
233,2020-12-09,12620,13000,12480,12820,24200930,ACB
234,2020-12-10,12930,12930,12530,12550,9233750,ACB
235,2020-12-11,12620,12690,12480,12660,4459820,ACB
236,2020-12-14,12710,12800,12620,12660,7325960,ACB
237,2020-12-15,12660,12690,12530,12570,7305490,ACB
238,2020-12-16,12600,12780,12570,12690,10461450,ACB
239,2020-12-17,12620,12960,12600,12710,13567290,ACB
240,2020-12-18,12780,12860,12710,12750,11693630,ACB
241,2020-12-21,12800,13160,12730,13000,22481640,ACB
242,2020-12-22,13000,13020,12840,12910,7573290,ACB
243,2020-12-23,12930,12960,12570,12620,11216860,ACB
244,2020-12-24,12620,12710,11900,12260,15831250,ACB
245,2020-12-25,12260,12570,12210,12550,9194080,ACB
246,2020-12-28,12710,12710,12420,12480,6223680,ACB
247,2020-12-29,12480,12550,12390,12440,6501920,ACB
248,2020-12-30,12460,12660,12460,12480,6741290,ACB
249,2020-12-31,12530,12710,12510,12620,6774680,ACB
0,2021-01-04,12820,12960,12800,12860,10776300,ACB
1,2021-01-05,12840,13290,12710,13180,18693900,ACB
2,2021-01-06,13340,13740,13160,13430,15883900,ACB
3,2021-01-07,13450,13470,13290,13430,11636100,ACB
4,2021-01-08,13450,13650,13380,13560,15519300,ACB
5,2021-01-11,13700,13880,13540,13630,9821800,ACB
6,2021-01-12,13580,13610,13450,13520,9277600,ACB
7,2021-01-13,13610,13630,13340,13400,9915300,ACB
8,2021-01-14,13430,13430,13110,13400,8491200,ACB
9,2021-01-15,13470,13650,13450,13580,8184100,ACB
10,2021-01-18,13630,13700,13430,13450,8419100,ACB
11,2021-01-19,13380,13430,12530,12530,13077400,ACB
12,2021-01-20,12570,12710,11810,12710,12323000,ACB
13,2021-01-21,12960,13070,12730,13000,6535000,ACB
14,2021-01-22,12980,13070,12800,12860,5438100,ACB
15,2021-01-25,12710,12800,12600,12620,7683600,ACB
16,2021-01-26,12600,12860,12350,12480,8096200,ACB
17,2021-01-27,12480,12730,12210,12350,6387700,ACB
18,2021-01-28,11680,11990,11500,11500,15154800,ACB
19,2021-01-29,11000,12080,11000,12040,7621200,ACB
20,2021-02-01,12040,12300,11810,11970,7528200,ACB
21,2021-02-02,11970,12300,11830,12280,6544600,ACB
22,2021-02-03,12280,12660,12210,12620,7054500,ACB
23,2021-02-04,12620,12660,12480,12660,4250800,ACB
24,2021-02-05,12660,12860,12640,12800,5610600,ACB
25,2021-02-08,12800,12910,12210,12350,5755400,ACB
26,2021-02-09,12350,12820,12260,12820,5954800,ACB
27,2021-02-17,12930,13250,12890,13200,6855800,ACB
28,2021-02-18,13200,13220,12930,13090,5547900,ACB
29,2021-02-19,13020,13990,12980,13970,31184200,ACB
30,2021-02-22,14120,14460,13970,14190,12587300,ACB
31,2021-02-23,14300,14480,14120,14240,13951000,ACB
32,2021-02-24,14240,14300,13920,14010,18685200,ACB
33,2021-02-25,14140,14570,13970,14550,15014200,ACB
34,2021-02-26,14320,14980,14320,14840,13071400,ACB
35,2021-03-01,15000,15020,14770,14930,8464900,ACB
36,2021-03-02,15000,15020,14730,14820,9574100,ACB
37,2021-03-03,14770,15020,14680,14930,9072300,ACB
38,2021-03-04,15000,15000,14390,14550,9814000,ACB
39,2021-03-05,14420,14640,14190,14570,10157000,ACB
40,2021-03-08,14590,14680,14170,14280,16047000,ACB
41,2021-03-09,14100,14500,13970,14390,8819900,ACB
42,2021-03-10,14420,14910,14320,14710,12152700,ACB
43,2021-03-11,14820,14860,14710,14820,7124300,ACB
44,2021-03-12,14820,14840,14660,14800,5195500,ACB
45,2021-03-15,14820,15200,14640,15040,18052500,ACB
46,2021-03-16,15000,15130,14840,15020,6112900,ACB
47,2021-03-17,15000,15070,14910,15040,6246400,ACB
48,2021-03-18,15220,15380,15040,15240,10281900,ACB
49,2021-03-19,15220,15360,15130,15180,7108900,ACB
50,2021-03-22,15290,15310,14980,15000,8706000,ACB
51,2021-03-23,15070,15070,14730,14820,10347000,ACB
52,2021-03-24,14550,14710,14390,14570,9941600,ACB
53,2021-03-25,14590,14640,14320,14390,8322000,ACB
54,2021-03-26,14370,14570,14080,14570,7931700,ACB
55,2021-03-29,14770,14860,14550,14820,6981300,ACB
56,2021-03-30,14860,15040,14710,14950,8053200,ACB
57,2021-03-31,15040,15180,14930,14950,4986100,ACB
58,2021-04-01,15020,15200,14950,15200,10439300,ACB
59,2021-04-02,15360,15720,15270,15560,13979400,ACB
60,2021-04-05,15760,15850,15540,15600,7433500,ACB
61,2021-04-06,15580,15700,15340,15600,7565000,ACB
62,2021-04-07,15490,15580,15400,15450,6400900,ACB
63,2021-04-08,15420,15580,15360,15450,4687900,ACB
64,2021-04-09,15420,15540,15360,15450,5401500,ACB
65,2021-04-12,15540,15810,15470,15780,12513500,ACB
66,2021-04-13,15870,15940,15450,15540,8736000,ACB
67,2021-04-14,15400,15600,15340,15540,5073300,ACB
68,2021-04-15,15560,15580,15180,15200,9686700,ACB
69,2021-04-16,15180,15290,14680,14860,8403400,ACB
70,2021-04-19,15040,15160,14730,15130,4291900,ACB
71,2021-04-20,15270,15450,14910,15090,7166900,ACB
72,2021-04-22,15040,15090,14590,14590,7843500,ACB
73,2021-04-23,14550,15020,14420,15000,6687700,ACB
74,2021-04-26,15000,15000,14640,14950,7119100,ACB
75,2021-04-27,14820,15270,14660,15270,6393000,ACB
76,2021-04-28,15040,15400,15000,15180,5675200,ACB
77,2021-04-29,15180,15560,15090,15560,16646300,ACB
78,2021-05-04,15270,15600,15040,15470,9333200,ACB
79,2021-05-05,15540,16100,15540,15850,17558400,ACB
80,2021-05-06,15850,15870,15560,15630,7783800,ACB
81,2021-05-07,15490,15900,15490,15810,12059100,ACB
82,2021-05-10,15830,16320,15810,16260,13491300,ACB
83,2021-05-11,16350,16350,16079,16079,9777000,ACB
84,2021-05-12,15960,16230,15900,16230,8991300,ACB
85,2021-05-13,16079,16590,16030,16260,11724300,ACB
86,2021-05-14,16350,16480,16190,16370,6118400,ACB
87,2021-05-17,16610,16700,16370,16410,9278700,ACB
88,2021-05-18,16430,16430,16120,16280,7881100,ACB
89,2021-05-19,16260,16480,16120,16430,8143500,ACB
90,2021-05-20,16430,16840,16430,16800,12263200,ACB
91,2021-05-21,16800,17200,16750,16840,9146500,ACB
92,2021-05-24,17000,17000,16730,16840,7546600,ACB
93,2021-05-25,16840,17180,16750,17060,8757400,ACB
94,2021-05-26,17090,17360,17090,17270,9976000,ACB
95,2021-05-27,17290,17580,17020,17150,9551700,ACB
96,2021-05-28,17180,17470,17090,17470,9416000,ACB
97,2021-05-31,17740,18610,17510,18590,16030300,ACB
98,2021-06-01,19080,19260,18860,18900,11159800,ACB
99,2021-06-02,19150,20030,19080,20030,16009600,ACB
100,2021-06-03,20790,20790,20030,20610,12265700,ACB
101,2021-06-04,20210,20610,20210,20340,9488100,ACB
102,2021-06-07,20160,20160,18970,19310,18505000,ACB
103,2021-06-08,19110,19490,18050,18050,14322800,ACB
104,2021-06-09,18050,19130,17960,19060,12565100,ACB
105,2021-06-10,19370,19840,19140,19140,14000300,ACB
106,2021-06-11,19310,19700,18970,19450,9532300,ACB
107,2021-06-14,19450,19590,19000,19140,10946100,ACB
108,2021-06-15,19140,20320,18800,19840,18178200,ACB
109,2021-06-16,19840,19900,19370,19480,8211200,ACB
110,2021-06-17,19080,19650,18920,19590,6392600,ACB
111,2021-06-18,19760,19930,19590,19650,9215200,ACB
112,2021-06-21,19590,19760,19450,19510,5447600,ACB
113,2021-06-22,19760,20210,19560,20010,14872000,ACB
114,2021-06-23,20150,20430,20040,20100,10244600,ACB
115,2021-06-24,20210,20460,19980,20320,11494200,ACB
116,2021-06-25,20320,20540,20240,20400,7934000,ACB
117,2021-06-28,20600,20660,20380,20600,7937700,ACB
118,2021-06-29,20710,20740,20460,20460,6677700,ACB
119,2021-06-30,20400,20490,19980,20040,9628000,ACB
120,2021-07-01,19950,20320,19700,20180,10393200,ACB
121,2021-07-02,20380,20430,20210,20260,6407100,ACB
122,2021-07-05,20380,21390,20150,21300,16668600,ACB
123,2021-07-06,21330,21440,20210,20210,10070000,ACB
124,2021-07-07,20210,20710,19700,20520,10121600,ACB
125,2021-07-08,20520,20880,20210,20320,7351900,ACB
126,2021-07-09,20210,20540,19080,19760,11315400,ACB
127,2021-07-12,19370,19510,18380,18380,18353700,ACB
128,2021-07-13,18690,18690,18130,18470,6672200,ACB
129,2021-07-14,18470,18520,17460,17820,10810500,ACB
130,2021-07-15,17620,18500,17600,18380,5095400,ACB
131,2021-07-16,18610,18860,18410,18860,5918800,ACB
132,2021-07-19,18470,18610,17930,18050,10019200,ACB
133,2021-07-20,18240,19030,17960,19030,8563400,ACB
134,2021-07-21,19110,19370,18940,18970,8179300,ACB
135,2021-07-22,18970,19310,18640,19140,7161900,ACB
136,2021-07-23,19030,19170,18520,18520,7433000,ACB
137,2021-07-26,18300,18580,17990,18360,7528400,ACB
138,2021-07-27,18550,18800,18520,18610,5634700,ACB
139,2021-07-28,18640,18860,18550,18610,4846400,ACB
140,2021-07-29,18780,19200,18690,19170,7638000,ACB
141,2021-07-30,19250,20290,19250,20290,35156000,ACB
142,2021-08-02,19930,20210,19840,19950,8646400,ACB
143,2021-08-03,19900,20100,19650,20100,8766300,ACB
144,2021-08-04,20210,20210,19820,19930,8466500,ACB
145,2021-08-05,19840,20260,19820,20210,13787200,ACB
146,2021-08-06,20260,20290,19900,19950,8620800,ACB
147,2021-08-09,19870,20680,19730,20490,19240200,ACB
148,2021-08-10,20660,20680,20320,20490,10457700,ACB
149,2021-08-11,20490,20630,20210,20210,16492300,ACB
150,2021-08-12,20100,20210,19820,19820,12147100,ACB
151,2021-08-13,19760,19900,19250,19840,15125200,ACB
152,2021-08-16,19840,20210,19530,20040,12056700,ACB
153,2021-08-17,20210,20320,19870,19980,8743100,ACB
154,2021-08-18,19900,20100,19820,19950,7096100,ACB
155,2021-08-19,19930,19950,19620,19820,9370500,ACB
156,2021-08-20,19820,19840,18550,18860,20952900,ACB
157,2021-08-23,18800,18860,17960,17960,15602700,ACB
158,2021-08-24,17960,18240,17790,18130,9084200,ACB
159,2021-08-25,18080,18240,17910,18220,4865700,ACB
160,2021-08-26,18270,18300,17850,17930,4944800,ACB
161,2021-08-27,17790,17880,17290,17820,8069600,ACB
162,2021-08-30,17850,18190,17740,18050,8029600,ACB
163,2021-08-31,18240,18300,17960,17960,5528600,ACB
164,2021-09-01,17960,18380,17930,17960,8715300,ACB
165,2021-09-06,18080,18130,17930,17990,7383200,ACB
166,2021-09-07,18190,18380,18080,18240,7963700,ACB
167,2021-09-08,18240,18380,18020,18050,4752900,ACB
168,2021-09-09,17960,18220,17930,18220,3431900,ACB
169,2021-09-10,18240,18270,18100,18130,4101100,ACB
170,2021-09-13,18130,18130,17910,17910,5199800,ACB
171,2021-09-14,17880,17960,17680,17680,4511400,ACB
172,2021-09-15,17680,17680,17480,17510,4979200,ACB
173,2021-09-16,17540,17710,17510,17570,3455500,ACB
174,2021-09-17,17740,17850,17600,17740,4572300,ACB
175,2021-09-20,17960,18130,17880,18020,6387800,ACB
176,2021-09-21,17850,17960,17650,17850,3882100,ACB
177,2021-09-22,17850,17960,17740,17740,2681700,ACB
178,2021-09-23,17790,17850,17680,17740,4210800,ACB
179,2021-09-24,17850,18050,17740,17960,6688700,ACB
180,2021-09-27,18080,18190,17680,17680,4801300,ACB
181,2021-09-28,17680,17820,17620,17740,2517400,ACB
182,2021-09-29,17740,17790,17480,17600,3615100,ACB
183,2021-09-30,17600,17740,17570,17710,4394800,ACB
184,2021-10-01,17680,17710,17460,17680,6441900,ACB
185,2021-10-04,17570,17620,17180,17400,5659000,ACB
186,2021-10-05,17400,17680,17400,17680,2912300,ACB
187,2021-10-06,17710,17770,17460,17600,3321300,ACB
188,2021-10-07,17680,17680,17510,17510,2161800,ACB
189,2021-10-08,17620,17710,17540,17650,3480900,ACB
190,2021-10-11,17740,18300,17740,18300,6684100,ACB
191,2021-10-12,18470,18470,18190,18300,3385300,ACB
192,2021-10-13,18300,18470,18240,18300,3709300,ACB
193,2021-10-14,18300,18360,18080,18130,4521600,ACB
194,2021-10-15,18240,18270,18020,18080,2976800,ACB
195,2021-10-18,18160,18300,17960,17960,4543400,ACB
196,2021-10-19,18190,18190,17910,18130,3615400,ACB
197,2021-10-20,18130,18330,17850,18130,3846400,ACB
198,2021-10-21,18130,18130,17820,17820,4132200,ACB
199,2021-10-22,17910,17930,17650,17740,3827100,ACB
200,2021-10-25,17790,17790,17460,17540,5200400,ACB
201,2021-10-26,17540,17540,17290,17460,5259100,ACB
202,2021-10-27,17480,17850,17480,17620,5828200,ACB
203,2021-10-28,17770,17880,17680,17880,4649100,ACB
204,2021-10-29,17880,18520,17820,18520,13597100,ACB
205,2021-11-01,18410,18470,18190,18360,5293300,ACB
206,2021-11-02,18360,18610,18270,18610,7009200,ACB
207,2021-11-03,18690,19140,18660,19000,13060100,ACB
208,2021-11-04,19110,19110,18780,18800,4197400,ACB
209,2021-11-05,18970,18970,18690,18800,3967400,ACB
210,2021-11-08,18800,18890,18640,18750,5385300,ACB
211,2021-11-09,18750,18970,18720,18780,5047900,ACB
212,2021-11-10,18800,18830,18610,18750,4367400,ACB
213,2021-11-11,18690,18830,18240,18520,7129400,ACB
214,2021-11-12,18520,18720,18330,18720,4376100,ACB
215,2021-11-15,18750,18860,18660,18750,4878900,ACB
216,2021-11-16,18720,18750,18410,18610,5211500,ACB
217,2021-11-17,18610,18800,18410,18690,4360500,ACB
218,2021-11-18,18800,18800,18240,18240,5497600,ACB
219,2021-11-19,18360,19030,18270,18780,9794000,ACB
220,2021-11-22,18800,19530,18520,19170,9151000,ACB
221,2021-11-23,19230,19250,18920,19060,3839600,ACB
222,2021-11-24,19030,19900,18940,19840,14295800,ACB
223,2021-11-25,19930,19950,19620,19730,7083400,ACB
224,2021-11-26,19730,19820,19420,19420,6209000,ACB
225,2021-11-29,18970,19250,18970,19170,6095500,ACB
226,2021-11-30,19310,19370,18640,18690,6145400,ACB
227,2021-12-01,18580,18800,18550,18800,3620400,ACB
228,2021-12-02,18860,18860,18640,18640,2645000,ACB
229,2021-12-03,18750,18830,18270,18270,4916300,ACB
230,2021-12-06,18130,18410,17770,18130,6499000,ACB
231,2021-12-07,18240,18500,18020,18500,2827600,ACB
232,2021-12-08,18330,18750,18270,18580,2900500,ACB
233,2021-12-09,18520,18690,18410,18690,2156000,ACB
234,2021-12-10,18640,18860,18580,18750,4730500,ACB
235,2021-12-13,18830,18970,18690,18750,3012700,ACB
236,2021-12-14,18690,18800,18580,18690,2128100,ACB
237,2021-12-15,18580,18830,18550,18750,2122900,ACB
238,2021-12-16,18800,18830,18520,18520,2305800,ACB
239,2021-12-17,18610,18690,18550,18640,2403500,ACB
240,2021-12-20,18640,18690,18440,18580,3296100,ACB
241,2021-12-21,18500,18500,18410,18410,2420400,ACB
242,2021-12-22,18330,18500,18330,18360,3385200,ACB
243,2021-12-23,18300,18330,17960,18240,4135300,ACB
244,2021-12-24,18240,18610,18080,18520,4372600,ACB
245,2021-12-27,18690,18690,18470,18610,2459500,ACB
246,2021-12-28,18610,18940,18550,18890,3477400,ACB
247,2021-12-29,19000,19200,18920,18970,3817200,ACB
248,2021-12-30,18920,19080,18800,19030,1819600,ACB
249,2021-12-31,19080,19390,19080,19370,5651800,ACB
1,2022-01-04,19530,19530,19230,19310,4555000,ACB
2,2022-01-05,19280,19280,18890,18920,5934500,ACB
3,2022-01-06,18800,19080,18580,18940,5673700,ACB
4,2022-01-07,19030,19060,18690,18690,3323800,ACB
5,2022-01-10,18520,18750,18500,18520,5693200,ACB
6,2022-01-11,18520,18550,18360,18380,6395100,ACB
7,2022-01-12,18360,18830,18270,18580,7789000,ACB
8,2022-01-13,18890,19230,18610,18720,6511900,ACB
9,2022-01-14,18720,18780,18520,18550,1941100,ACB
10,2022-01-17,18580,18890,18380,18380,7284700,ACB
11,2022-01-18,18380,18550,18130,18410,4272600,ACB
12,2022-01-19,18410,18690,18410,18520,2104000,ACB
13,2022-01-20,18520,18610,18360,18500,3415900,ACB
14,2022-01-21,18500,19080,18470,18780,4404000,ACB
15,2022-01-24,18800,19590,18800,19280,13185100,ACB
16,2022-01-25,19280,19670,19280,19560,4282700,ACB
17,2022-01-26,19650,20180,19650,19900,8494500,ACB
18,2022-01-27,19870,19870,19390,19590,6064400,ACB
19,2022-01-28,19590,19650,19310,19390,10258100,ACB
20,2022-02-07,19650,19730,19450,19480,4548000,ACB
21,2022-02-08,19480,20210,19480,20070,32461200,ACB
22,2022-02-09,20150,20180,19930,19980,10149700,ACB
23,2022-02-10,19980,20100,19840,19950,7632500,ACB
24,2022-02-11,19820,20400,19790,20040,9575200,ACB
25,2022-02-14,19870,19980,19080,19080,13153200,ACB
26,2022-02-15,19110,19370,19080,19370,6631900,ACB
27,2022-02-16,19480,19480,19080,19200,5099500,ACB
28,2022-02-17,19170,19340,19140,19250,3913100,ACB
29,2022-02-18,19140,19230,18920,19000,7318400,ACB
30,2022-02-21,19030,19310,18830,19310,7285100,ACB
31,2022-02-22,19080,19480,18860,19480,8094700,ACB
32,2022-02-23,19530,19700,19420,19420,5857600,ACB
33,2022-02-24,19280,19420,18780,19340,8892700,ACB
34,2022-02-25,19370,19510,19250,19280,5508400,ACB
35,2022-02-28,19250,19280,19030,19030,3857100,ACB
36,2022-03-01,19080,19080,18830,19000,5610900,ACB
37,2022-03-02,18920,19080,18470,18470,13881600,ACB
38,2022-03-03,18520,18780,18470,18780,8167100,ACB
39,2022-03-04,18750,19250,18520,19250,6925100,ACB
40,2022-03-07,18800,18970,18610,18660,4694500,ACB
41,2022-03-08,18520,18640,18270,18300,7221800,ACB
42,2022-03-09,18380,18500,18190,18360,4172000,ACB
43,2022-03-10,18520,18750,18470,18470,2199800,ACB
44,2022-03-11,18410,18500,18300,18360,2714900,ACB
45,2022-03-14,18240,18410,18220,18360,2724900,ACB
46,2022-03-15,18410,18610,18360,18410,2750200,ACB
47,2022-03-16,18470,18550,18330,18410,3294200,ACB
48,2022-03-17,18500,18520,18330,18410,2620300,ACB
49,2022-03-18,18520,18580,18410,18410,2597000,ACB
50,2022-03-21,18470,18520,18360,18500,3302500,ACB
51,2022-03-22,18520,18750,18520,18690,3324000,ACB
52,2022-03-23,18640,18750,18610,18640,2060000,ACB
53,2022-03-24,18550,18640,18440,18470,2873100,ACB
54,2022-03-25,18470,18610,18360,18360,3338200,ACB
55,2022-03-28,18360,18410,18130,18160,4875800,ACB
56,2022-03-29,18220,18330,18130,18160,3664900,ACB
57,2022-03-30,18190,18470,18130,18300,4154500,ACB
58,2022-03-31,18360,18640,18300,18550,5523400,ACB
59,2022-04-01,18550,18750,18520,18750,5865500,ACB
60,2022-04-04,18860,18920,18750,18800,4794400,ACB
61,2022-04-05,18750,18750,18500,18520,4508400,ACB
62,2022-04-06,18440,18690,18380,18640,4156600,ACB
63,2022-04-07,18750,19170,18660,18860,9648900,ACB
64,2022-04-08,18920,19080,18890,19000,8904400,ACB
65,2022-04-12,19000,19000,18720,18780,4923200,ACB
66,2022-04-13,18800,19000,18690,18890,5053900,ACB
67,2022-04-14,18890,19170,18860,18970,4900700,ACB
68,2022-04-15,18970,19080,18780,18830,5388100,ACB
69,2022-04-18,18800,18860,18410,18410,5946400,ACB
70,2022-04-19,18300,18410,17740,17770,5244400,ACB
71,2022-04-20,17790,18080,17770,17910,4490500,ACB
72,2022-04-21,17960,18240,17680,17680,5899800,ACB
73,2022-04-22,17790,18300,17790,18130,5188800,ACB
74,2022-04-25,18130,18220,17120,17120,8242600,ACB
75,2022-04-26,17120,17540,16840,17340,6106000,ACB
76,2022-04-27,17230,17510,17010,17340,2831800,ACB
77,2022-04-28,17180,17510,17180,17400,1503700,ACB
78,2022-04-29,17400,18360,17260,18360,4640900,ACB
79,2022-05-04,18100,18240,17820,17820,2060200,ACB
80,2022-05-05,18130,18130,17570,17790,3209000,ACB
81,2022-05-06,17510,17850,17320,17400,1920300,ACB
82,2022-05-09,17400,17400,16670,17180,5176200,ACB
83,2022-05-10,17010,17400,16780,17290,3850100,ACB
84,2022-05-11,17290,17740,17180,17740,2319300,ACB
85,2022-05-12,17230,17540,16560,16560,3128000,ACB
86,2022-05-13,16780,17010,15440,15440,6142600,ACB
87,2022-05-16,15520,16110,15440,15490,5137600,ACB
88,2022-05-17,15490,16480,15440,16420,2617900,ACB
89,2022-05-18,16670,16700,16170,16250,3521100,ACB
90,2022-05-19,15940,16280,15770,16050,1856400,ACB
91,2022-05-20,16050,16450,16050,16309,1936000,ACB
92,2022-05-23,16329,16450,15880,15970,1187500,ACB
93,2022-05-24,16170,16170,15800,16170,1574100,ACB
94,2022-05-25,16170,16840,16170,16840,3815600,ACB
95,2022-05-26,17060,17120,16840,17040,2690700,ACB
96,2022-05-27,17290,17850,17180,17850,4910800,ACB
97,2022-05-30,17960,17960,17680,17930,2244200,ACB
98,2022-05-31,17790,17850,17680,17710,2348500,ACB
99,2022-06-01,17850,17850,17460,17460,3523400,ACB
100,2022-06-02,17960,18210,17790,17790,3745600,ACB
101,2022-06-03,17890,17960,17470,17750,1409500,ACB
102,2022-06-06,17750,17930,17680,17750,1698800,ACB
103,2022-06-07,17750,17750,17050,17510,2255000,ACB
104,2022-06-08,17470,18030,17300,18030,4494800,ACB
105,2022-06-09,18100,18170,17580,18070,3388400,ACB
106,2022-06-10,17680,18100,17650,17680,2278300,ACB
107,2022-06-13,17540,17540,16700,16770,3830300,ACB
108,2022-06-14,16770,17160,16490,16910,2049600,ACB
109,2022-06-15,17160,17190,16210,16560,3633100,ACB
110,2022-06-16,16560,16910,16560,16910,1925600,ACB
111,2022-06-17,16490,16730,16030,16210,3160900,ACB
112,2022-06-20,16210,16490,16000,16070,3956000,ACB
113,2022-06-21,15790,16280,15790,16140,2676500,ACB
114,2022-06-22,16280,16770,16280,16660,2532000,ACB
115,2022-06-23,16420,16730,16170,16660,2140900,ACB
116,2022-06-24,16630,16840,16490,16700,1588100,ACB
117,2022-06-27,16700,16940,16590,16800,2447600,ACB
118,2022-06-28,16700,17400,16630,17190,2995800,ACB
119,2022-06-29,16980,17190,16840,16980,1960600,ACB
120,2022-06-30,17190,17190,16800,16840,2088400,ACB
121,2022-07-01,16730,16880,16490,16880,1851900,ACB
122,2022-07-04,17120,17190,16840,17020,1823900,ACB
123,2022-07-05,17160,17260,17020,17160,2991000,ACB
124,2022-07-06,17120,17190,16560,16980,2017800,ACB
125,2022-07-07,17050,17190,16910,16940,2496700,ACB
126,2022-07-08,16980,17120,16840,16840,2016000,ACB
127,2022-07-11,16730,16840,16490,16490,1634700,ACB
128,2022-07-12,16560,16840,16490,16840,728100,ACB
129,2022-07-13,16840,17120,16700,16840,2126200,ACB
130,2022-07-14,16700,16940,16700,16880,1429400,ACB
131,2022-07-15,17020,17160,16840,16840,2642300,ACB
132,2022-07-18,16910,16980,16770,16770,2425000,ACB
133,2022-07-19,16770,16800,16700,16770,1507000,ACB
134,2022-07-20,16910,17080,16770,17050,3039300,ACB
135,2022-07-21,17050,17470,16980,17300,4313000,ACB
136,2022-07-22,17300,17400,17080,17080,2039400,ACB
137,2022-07-25,16980,17120,16770,16880,1850700,ACB
138,2022-07-26,16840,17020,16840,16880,1484900,ACB
139,2022-07-27,16840,16980,16800,16980,890000,ACB
140,2022-07-28,17330,17330,17120,17160,3347500,ACB
141,2022-07-29,17230,17330,17160,17260,3817300,ACB
142,2022-08-01,17300,17540,17190,17540,4455500,ACB
143,2022-08-02,17540,17580,17330,17470,3391300,ACB
144,2022-08-03,17540,17580,17330,17510,6081900,ACB
145,2022-08-04,17540,17720,17470,17540,4390100,ACB
146,2022-08-05,17540,17540,17190,17440,3272800,ACB
147,2022-08-08,17400,17540,17300,17370,3202100,ACB
148,2022-08-09,17470,17540,17330,17510,3553300,ACB
149,2022-08-10,17510,17580,17370,17440,1987700,ACB
150,2022-08-11,17540,17610,17330,17370,3442200,ACB
151,2022-08-12,17330,17440,17260,17400,1460000,ACB
152,2022-08-15,17470,17650,17400,17510,3154600,ACB
153,2022-08-16,17470,17510,17300,17440,3234500,ACB
154,2022-08-17,17510,17540,17440,17510,3350600,ACB
155,2022-08-18,17510,17720,17400,17650,5981500,ACB
156,2022-08-19,17650,17650,17400,17440,1909000,ACB
157,2022-08-22,17400,17400,17260,17300,2239300,ACB
158,2022-08-23,17080,17400,16980,17400,2385000,ACB
159,2022-08-24,17330,17470,17300,17440,2704900,ACB
160,2022-08-25,17440,17540,17370,17540,3631800,ACB
161,2022-08-26,17610,17750,17370,17400,3878700,ACB
162,2022-08-29,17160,17330,17050,17230,3218300,ACB
163,2022-08-30,17260,17440,17230,17230,2016400,ACB
164,2022-08-31,17230,17370,17230,17300,1967000,ACB
165,2022-09-05,17230,17370,17160,17190,2307700,ACB
166,2022-09-06,17190,17330,17160,17300,2405200,ACB
167,2022-09-07,17190,17260,17050,17050,3214400,ACB
168,2022-09-08,17120,17160,16840,16840,2080700,ACB
169,2022-09-09,16980,16980,16660,16840,2227900,ACB
170,2022-09-12,16840,16980,16660,16660,1416163,ACB
171,2022-09-13,16770,16840,16560,16700,1469500,ACB
172,2022-09-14,16490,16560,16379,16490,2102100,ACB
173,2022-09-15,16560,16560,16450,16520,1585600,ACB
174,2022-09-16,16490,16560,16210,16239,2120100,ACB
175,2022-09-19,16239,16280,15930,16030,2558900,ACB
176,2022-09-20,16070,16100,15860,16070,1908000,ACB
177,2022-09-21,16030,16030,15860,15860,1292200,ACB
178,2022-09-22,15790,16000,15790,16000,1826800,ACB
179,2022-09-23,15890,16100,15860,15860,1465600,ACB
180,2022-09-26,15720,15790,15300,15580,4546500,ACB
181,2022-09-27,15580,15750,15510,15720,1468900,ACB
182,2022-09-28,15470,15610,15400,15440,2515887,ACB
183,2022-09-29,15540,15540,15370,15440,3857767,ACB
184,2022-09-30,15440,15750,15330,15580,4224536,ACB
185,2022-10-03,15470,15650,14940,15160,3661299,ACB
186,2022-10-04,15230,15400,14740,14740,3474571,ACB
187,2022-10-05,14800,15050,14590,14590,3258561,ACB
188,2022-10-06,14630,14880,14030,14030,2851382,ACB
189,2022-10-07,13720,13960,13050,13090,8488826,ACB
190,2022-10-10,12770,13400,12770,13120,6476351,ACB
191,2022-10-11,13120,13120,12240,12280,6437148,ACB
192,2022-10-12,12560,13120,12490,13120,3369758,ACB
193,2022-10-13,13120,14000,12980,14000,3904225,ACB
194,2022-10-14,14380,14660,14170,14630,3141938,ACB
195,2022-10-17,14240,14740,14210,14700,3758133,ACB
196,2022-10-18,14940,15090,14800,15020,2769943,ACB
197,2022-10-19,15160,15160,14740,14800,1447729,ACB
198,2022-10-20,14800,15090,14520,14980,4025173,ACB
199,2022-10-21,14980,14980,14210,14310,3387430,ACB
200,2022-10-24,14350,14380,13470,13680,2800249,ACB
201,2022-10-25,13820,14630,13440,14310,4929285,ACB
202,2022-10-26,14450,14660,14170,14490,2170486,ACB
203,2022-10-27,14520,15470,14380,15470,4850442,ACB
204,2022-10-28,15720,15820,15470,15650,3555046,ACB
205,2022-10-31,15680,15790,15190,15720,3749851,ACB
206,2022-11-01,15790,16140,15680,15750,3357810,ACB
207,2022-11-02,15720,15750,15300,15300,3540680,ACB
208,2022-11-03,15090,15440,14980,14980,3281353,ACB
209,2022-11-04,14980,15020,14000,14140,12618670,ACB
210,2022-11-07,14660,14740,14170,14490,4911998,ACB
211,2022-11-08,14450,15260,14140,14940,4069171,ACB
212,2022-11-09,15020,15230,14520,14560,3280774,ACB
213,2022-11-10,14490,14660,13680,14030,5466448,ACB
214,2022-11-11,14520,14880,14350,14590,4327549,ACB
215,2022-11-14,14380,14520,14000,14240,5259075,ACB
216,2022-11-15,14210,14350,13400,13400,6566069,ACB
217,2022-11-16,13260,14310,12560,14310,7401581,ACB
218,2022-11-17,14590,14980,14590,14770,4307090,ACB
219,2022-11-18,14590,15050,14450,14840,3539064,ACB
220,2022-11-21,14880,14880,14450,14450,2280525,ACB
221,2022-11-22,14310,14980,14280,14280,4429308,ACB
222,2022-11-23,14310,14700,14280,14490,2553956,ACB
223,2022-11-24,14450,14880,14310,14740,2308018,ACB
224,2022-11-25,15090,15090,14770,15090,2832003,ACB
225,2022-11-28,15160,15610,15120,15610,5245203,ACB
226,2022-11-29,15610,15610,15230,15540,3945669,ACB
227,2022-11-30,15610,15750,15300,15510,4121813,ACB
228,2022-12-01,15650,16030,15440,15790,6816917,ACB
229,2022-12-02,15790,16490,15540,16490,4796603,ACB
230,2022-12-05,16520,16840,16280,16560,4719103,ACB
231,2022-12-06,16560,16660,15650,15650,5161772,ACB
232,2022-12-07,15790,15790,15260,15650,3297157,ACB
233,2022-12-08,15750,16700,15510,15890,4799496,ACB
234,2022-12-09,15960,16280,15750,16170,3322163,ACB
235,2022-12-12,16170,16350,15790,15790,3184172,ACB
236,2022-12-13,15720,16170,15610,16170,2695070,ACB
237,2022-12-14,16210,16450,15960,16239,3294738,ACB
238,2022-12-15,16140,16490,16140,16280,4116001,ACB
239,2022-12-16,16140,16420,16030,16140,2221946,ACB
240,2022-12-19,16070,16309,15960,15960,3384971,ACB
241,2022-12-20,15960,16070,15580,15820,2569365,ACB
242,2022-12-21,15860,16140,15650,16000,1888423,ACB
243,2022-12-22,16140,16140,15960,16070,1959813,ACB
244,2022-12-23,16070,16070,15650,16070,1736555,ACB
245,2022-12-26,16070,16070,15510,15510,1779728,ACB
246,2022-12-27,15510,15860,15440,15510,2041994,ACB
247,2022-12-28,15510,15750,15400,15440,1827577,ACB
248,2022-12-29,15440,15720,15300,15440,1810363,ACB
249,2022-12-30,15440,15580,15300,15370,1340931,ACB
1,2023-01-03,15440,15930,15400,15930,1550148,ACB
2,2023-01-04,16030,16030,15820,15890,1643309,ACB
3,2023-01-05,15960,16140,15890,16030,2107285,ACB
4,2023-01-06,16000,16379,15860,16239,3407310,ACB
5,2023-01-09,16379,16379,16100,16210,1748795,ACB
6,2023-01-10,16309,16450,16100,16450,3062873,ACB
7,2023-01-11,16560,17160,16450,16980,5342324,ACB
8,2023-01-12,16980,17300,16980,17190,2883106,ACB
9,2023-01-13,17260,17400,16940,16940,2156614,ACB
10,2023-01-16,16940,17540,16940,17540,3541375,ACB
11,2023-01-17,17580,17860,17510,17750,3988618,ACB
12,2023-01-18,17750,18030,17610,17890,5439101,ACB
13,2023-01-19,17890,18240,17860,18240,5525817,ACB
14,2023-01-27,18490,18590,18170,18490,3758988,ACB
15,2023-01-30,18450,18490,17820,17820,5403319,ACB
16,2023-01-31,17820,18280,17540,18280,3485014,ACB
17,2023-02-01,18310,18420,17610,17680,3485902,ACB
18,2023-02-02,17650,17960,17400,17540,2886290,ACB
19,2023-02-03,17540,17720,17120,17190,9534382,ACB
20,2023-02-06,17120,17650,16940,17470,2397652,ACB
21,2023-02-07,17540,17610,17120,17260,2471469,ACB
22,2023-02-08,17400,17580,17230,17300,1924125,ACB
23,2023-02-09,17300,17610,17190,17190,3227424,ACB
24,2023-02-10,17260,17370,16980,16980,2009129,ACB
25,2023-02-13,16940,16940,16700,16770,2593039,ACB
26,2023-02-14,16910,16910,16700,16730,1439656,ACB
27,2023-02-15,16770,17300,16660,17230,3332041,ACB
28,2023-02-16,17400,17400,17120,17400,1625191,ACB
29,2023-02-17,17440,17510,17230,17400,1716200,ACB
30,2023-02-20,17330,18100,17300,18100,4907140,ACB
31,2023-02-21,18100,18240,17890,17890,1720729,ACB
32,2023-02-22,17680,17930,17440,17440,2654851,ACB
33,2023-02-23,17370,17890,17020,17820,3862411,ACB
34,2023-02-24,17540,17750,17230,17260,2228733,ACB
35,2023-02-27,17190,17260,16910,17020,3109431,ACB
36,2023-02-28,17190,17370,17020,17120,6149990,ACB
37,2023-03-01,17120,17680,16980,17650,2538293,ACB
38,2023-03-02,17540,17860,17540,17580,3339027,ACB
39,2023-03-03,17580,17750,17190,17190,2397060,ACB
40,2023-03-06,17440,17610,17050,17050,5225765,ACB
41,2023-03-07,17370,17540,17050,17190,4642941,ACB
42,2023-03-08,17020,17540,17020,17540,2786167,ACB
43,2023-03-09,17540,17860,17470,17790,3739916,ACB
44,2023-03-10,17580,17680,17370,17470,2423166,ACB
45,2023-03-13,17370,17510,17080,17190,4018921,ACB
46,2023-03-14,17230,17330,16800,16880,6767237,ACB
47,2023-03-15,17260,17400,17160,17400,1961634,ACB
48,2023-03-16,17190,17370,16940,17120,2499671,ACB
49,2023-03-17,17230,17300,17080,17080,1249647,ACB
50,2023-03-20,16980,17080,16840,16840,2457593,ACB
51,2023-03-21,17120,17120,16730,16980,1489101,ACB
52,2023-03-22,17080,17080,16880,16940,1862058,ACB
53,2023-03-23,16910,17260,16800,17190,7080550,ACB
54,2023-03-24,17260,17440,17190,17230,1683172,ACB
55,2023-03-27,17260,17370,17080,17160,2460164,ACB
56,2023-03-28,17300,17400,17160,17160,8288106,ACB
57,2023-03-29,17190,17260,17080,17120,15181219,ACB
58,2023-03-30,17260,17330,17230,17260,2122444,ACB
59,2023-03-31,17330,17720,17300,17540,5883708,ACB
60,2023-04-03,17720,17820,17540,17720,9968747,ACB
61,2023-04-04,17720,17790,17580,17650,7190534,ACB
62,2023-04-05,17610,17750,17580,17750,3320551,ACB
63,2023-04-06,17820,17860,17470,17470,4333371,ACB
64,2023-04-07,17510,17610,17470,17580,3144826,ACB
65,2023-04-10,17610,17650,17440,17540,3638803,ACB
66,2023-04-11,17470,17580,17330,17510,1598533,ACB
67,2023-04-12,17540,17580,17400,17440,3221563,ACB
68,2023-04-13,17510,17580,17440,17510,2520241,ACB
69,2023-04-14,17580,17610,17440,17510,5022906,ACB
70,2023-04-17,17510,17540,17400,17540,1649827,ACB
71,2023-04-18,17540,17540,17370,17370,2104707,ACB
72,2023-04-19,17400,17400,17120,17120,4596866,ACB
73,2023-04-20,17190,17230,16980,17020,2471896,ACB
74,2023-04-21,17050,17120,17020,17020,2473711,ACB
75,2023-04-24,17050,17160,16910,16980,2274897,ACB
76,2023-04-25,17050,17160,16910,16940,6174679,ACB
77,2023-04-26,16940,16980,16800,16940,3857901,ACB
78,2023-04-27,16980,17160,16910,16940,2182535,ACB
79,2023-04-28,16980,17120,16940,16980,9771508,ACB
80,2023-05-04,17050,17370,17050,17330,4305729,ACB
81,2023-05-05,17190,17370,17190,17300,2625328,ACB
82,2023-05-08,17300,17540,17260,17510,2305309,ACB
83,2023-05-09,17540,17580,17400,17470,3108187,ACB
84,2023-05-10,17470,17510,17400,17470,1961379,ACB
85,2023-05-11,17540,17610,17400,17470,2556201,ACB
86,2023-05-12,17540,17580,17400,17540,2348036,ACB
87,2023-05-15,17680,17750,17510,17540,6385662,ACB
88,2023-05-16,17540,17580,17470,17540,1463588,ACB
89,2023-05-17,17540,17650,17440,17470,3449491,ACB
90,2023-05-18,17470,17610,17440,17540,3353042,ACB
91,2023-05-19,17580,17580,17370,17510,4008117,ACB
92,2023-05-22,17540,17580,17470,17580,4585906,ACB
93,2023-05-23,17680,17960,17540,17790,21726379,ACB
94,2023-05-24,17890,17890,17510,17650,11051426,ACB
95,2023-05-25,17680,17680,17470,17610,8792333,ACB
96,2023-05-26,17680,17680,17510,17540,8563241,ACB
97,2023-05-29,17610,17750,17540,17650,16577082,ACB
98,2023-05-30,17750,17750,17540,17680,22599203,ACB
99,2023-05-31,17680,17820,17540,17820,29156480,ACB
100,2023-06-01,18060,18270,17850,17980,12769486,ACB
101,2023-06-02,18060,18560,18020,18310,15034657,ACB
102,2023-06-05,18480,18610,18190,18270,13849317,ACB
103,2023-06-06,18310,18350,18230,18310,9945382,ACB
104,2023-06-07,18310,18480,18310,18350,9182063,ACB
105,2023-06-08,18310,18400,18140,18140,9682980,ACB
106,2023-06-09,18190,18190,17890,18100,7469378,ACB
107,2023-06-12,18190,18190,17930,18020,4291860,ACB
108,2023-06-13,18060,18140,17980,18140,7973577,ACB
109,2023-06-14,18190,18400,18140,18190,8033115,ACB
110,2023-06-15,18190,18230,18100,18230,5407844,ACB
111,2023-06-16,18230,18560,18140,18310,14414202,ACB
112,2023-06-19,18310,18350,18140,18190,4660937,ACB
113,2023-06-20,18190,18230,18060,18190,5639608,ACB
114,2023-06-21,18140,18230,18100,18230,5484088,ACB
115,2023-06-22,18270,18400,18190,18190,7976555,ACB
116,2023-06-23,18230,18400,18140,18400,11435894,ACB
117,2023-06-26,18650,18900,18480,18690,11788268,ACB
118,2023-06-27,18940,18940,18650,18650,5623455,ACB
119,2023-06-28,18650,18820,18560,18730,8233359,ACB
120,2023-06-29,18730,18820,18400,18400,8154546,ACB
121,2023-06-30,18400,18520,18310,18520,5120663,ACB
122,2023-07-03,18520,18560,18440,18520,4031764,ACB
123,2023-07-04,18440,18520,18400,18480,4348820,ACB
124,2023-07-05,18480,18560,18440,18440,8126958,ACB
125,2023-07-06,18440,18480,18190,18230,6426967,ACB
126,2023-07-07,18230,18270,18060,18230,7145078,ACB
127,2023-07-10,18270,18560,18230,18440,9036932,ACB
128,2023-07-11,18730,18730,18440,18480,8851484,ACB
129,2023-07-12,18650,18650,18310,18350,5187652,ACB
130,2023-07-13,18480,18480,18310,18480,6743968,ACB
131,2023-07-14,18520,18560,18310,18480,6901344,ACB
132,2023-07-17,18520,18520,18400,18480,6536400,ACB
133,2023-07-18,18400,18480,18350,18480,6804309,ACB
134,2023-07-19,18480,18610,18440,18480,9572664,ACB
135,2023-07-20,18480,18520,18400,18480,6295568,ACB
136,2023-07-21,18480,18560,18400,18560,6693129,ACB
137,2023-07-24,18560,18650,18440,18520,6773899,ACB
138,2023-07-25,18480,18900,18480,18730,13720647,ACB
139,2023-07-26,18730,18860,18650,18730,5979075,ACB
140,2023-07-27,18730,18770,18520,18610,7216455,ACB
141,2023-07-28,18650,18820,18520,18650,8620038,ACB
142,2023-07-31,18900,19280,18860,19280,19225216,ACB
143,2023-08-01,19530,19530,19110,19190,13724041,ACB
144,2023-08-02,19150,19450,19150,19400,12414957,ACB
145,2023-08-03,19360,19740,19320,19700,17019126,ACB
146,2023-08-04,19820,20500,19530,20500,18679690,ACB
147,2023-08-07,20120,20200,19820,19950,28102625,ACB
148,2023-08-08,19990,20080,19570,19660,15277376,ACB
149,2023-08-09,19660,19820,19450,19490,15564910,ACB
150,2023-08-10,19530,19610,19240,19240,12699456,ACB
151,2023-08-11,19280,19320,18980,19240,9164105,ACB
152,2023-08-14,19240,19360,19150,19360,10446424,ACB
153,2023-08-15,19450,19530,19190,19190,6464684,ACB
154,2023-08-16,19190,19360,19150,19240,8402525,ACB
155,2023-08-17,19280,19320,19070,19070,10125955,ACB
156,2023-08-18,19070,19070,18400,18400,20459276,ACB
157,2023-08-21,18350,18650,18350,18480,7981455,ACB
158,2023-08-22,18560,18610,18140,18520,9072597,ACB
159,2023-08-23,18650,18730,18350,18350,5548662,ACB
160,2023-08-24,18350,18690,18350,18520,5315411,ACB
161,2023-08-25,18480,18520,18350,18440,5381608,ACB
162,2023-08-28,18480,18560,18440,18520,5160556,ACB
163,2023-08-29,18520,18650,18440,18520,5778718,ACB
164,2023-08-30,18520,18900,18520,18860,7229547,ACB
165,2023-08-31,18860,18980,18860,18980,7212305,ACB
166,2023-09-05,19070,19360,19030,19110,7634395,ACB
167,2023-09-06,19110,19280,18980,19280,4783873,ACB
168,2023-09-07,19320,19450,19110,19240,9860968,ACB
169,2023-09-08,19240,19280,19070,19110,5530112,ACB
170,2023-09-11,19150,19240,18690,18770,10542303,ACB
171,2023-09-12,18770,19110,18650,19110,6685987,ACB
172,2023-09-13,19110,19150,18860,18940,6942929,ACB
173,2023-09-14,18900,19150,18820,18860,6195761,ACB
174,2023-09-15,18980,19110,18860,19030,5253147,ACB
175,2023-09-18,18980,19030,18730,18860,4366920,ACB
176,2023-09-19,18860,18980,18690,18730,8083377,ACB
177,2023-09-20,18730,18940,18690,18860,5299737,ACB
178,2023-09-21,18820,18940,18770,18820,5430115,ACB
179,2023-09-22,18650,18900,18560,18730,9796600,ACB
180,2023-09-25,18730,18770,18480,18480,7626780,ACB
181,2023-09-26,18520,18690,18350,18400,9407620,ACB
182,2023-09-27,18400,18480,18270,18480,5688210,ACB
183,2023-09-28,18350,18480,18230,18270,4993734,ACB
184,2023-09-29,18310,18520,18310,18350,2341209,ACB
185,2023-10-02,18310,18440,18230,18400,3811689,ACB
186,2023-10-03,18310,18400,18140,18140,5510811,ACB
187,2023-10-04,18100,18230,18060,18140,3180528,ACB
188,2023-10-05,18270,18440,18140,18140,3353149,ACB
189,2023-10-06,18140,18400,18100,18310,2443603,ACB
190,2023-10-09,18230,18940,18230,18900,8982117,ACB
191,2023-10-10,18900,19190,18900,19150,6539860,ACB
192,2023-10-11,19150,19150,18940,19070,2847661,ACB
193,2023-10-12,19070,19240,18900,19070,5637015,ACB
194,2023-10-13,18980,19070,18900,19030,4694272,ACB
195,2023-10-16,18940,19070,18820,18980,4222196,ACB
196,2023-10-17,18980,19030,18860,18860,3659834,ACB
197,2023-10-18,18860,18860,18520,18520,6211436,ACB
198,2023-10-19,18520,18610,18310,18310,6211641,ACB
199,2023-10-20,18310,18560,18310,18400,3672592,ACB
200,2023-10-23,18560,18560,18230,18310,2400212,ACB
201,2023-10-24,18440,18560,18310,18400,2553217,ACB
202,2023-10-25,18650,18690,18400,18400,2489008,ACB
203,2023-10-26,18270,18270,17600,17720,12596859,ACB
204,2023-10-27,18020,18230,17810,18100,3182928,ACB
205,2023-10-30,18140,18190,17890,17890,3858926,ACB
206,2023-10-31,17930,18100,17850,17980,3491977,ACB
207,2023-11-01,17980,18190,17930,18140,4835157,ACB
208,2023-11-02,18270,18730,18140,18730,5152098,ACB
209,2023-11-03,18730,18820,18520,18520,4888965,ACB
210,2023-11-06,18650,18770,18560,18650,3792021,ACB
211,2023-11-07,18560,18690,18560,18560,2328126,ACB
212,2023-11-08,18560,19240,18520,19150,7915923,ACB
213,2023-11-09,19240,19240,18940,18940,4768580,ACB
214,2023-11-10,18820,18980,18690,18820,5051311,ACB
215,2023-11-13,18860,18980,18650,18860,3418479,ACB
216,2023-11-14,18860,19240,18860,19070,10306368,ACB
217,2023-11-15,19320,19740,19280,19530,32344213,ACB
218,2023-11-16,19530,19660,19400,19570,8085873,ACB
219,2023-11-17,19660,19660,18940,19070,12355370,ACB
220,2023-11-20,18820,19280,18610,18900,10211612,ACB
221,2023-11-21,19030,19150,18900,18980,3715213,ACB
222,2023-11-22,18900,19110,18770,19070,4395703,ACB
223,2023-11-23,19070,19110,18650,18650,5185123,ACB
224,2023-11-24,18730,18730,18310,18520,7901317,ACB
225,2023-11-27,18520,18560,18350,18350,3262375,ACB
226,2023-11-28,18400,18560,18230,18400,4189072,ACB
227,2023-11-29,18480,18770,18480,18520,4831388,ACB
228,2023-11-30,18520,18730,18440,18440,5245608,ACB
229,2023-12-01,18610,18610,18270,18440,5736667,ACB
230,2023-12-04,18520,18860,18480,18730,9044705,ACB
231,2023-12-05,18730,18860,18520,18610,3560224,ACB
232,2023-12-06,18610,18730,18480,18730,2794830,ACB
233,2023-12-07,18730,18900,18650,18820,7241320,ACB
234,2023-12-08,18820,18940,18730,18820,3815334,ACB
235,2023-12-11,18860,18900,18690,18820,2277359,ACB
236,2023-12-12,18860,18900,18730,18900,3230408,ACB
237,2023-12-13,18900,18940,18730,18730,3933379,ACB
238,2023-12-14,18820,19110,18730,18900,6949441,ACB
239,2023-12-15,18980,19190,18940,19110,6195129,ACB
240,2023-12-18,19070,19150,19030,19150,6390775,ACB
241,2023-12-19,19150,19400,19150,19360,11476459,ACB
242,2023-12-20,19360,19530,19360,19490,8865596,ACB
243,2023-12-21,19490,19530,19360,19530,7087055,ACB
244,2023-12-22,19490,19570,19490,19490,4512456,ACB
245,2023-12-25,19530,19700,19490,19610,7586810,ACB
246,2023-12-26,19660,19660,19530,19530,5731233,ACB
247,2023-12-27,19490,19660,19490,19570,4869398,ACB
248,2023-12-28,19570,20120,19570,19950,10526964,ACB
249,2023-12-29,20080,20240,19990,20080,9202991,ACB
0,2024-01-02,20120,20790,20120,20540,13896933,ACB
1,2024-01-03,20580,21000,20370,21000,9817807,ACB
2,2024-01-04,21170,21550,21080,21250,23605373,ACB
3,2024-01-05,21250,21380,21040,21380,9282598,ACB
4,2024-01-08,21590,21630,21170,21290,12398885,ACB
5,2024-01-09,21210,21290,20960,21000,15455964,ACB
6,2024-01-10,21170,21420,21000,21210,17610661,ACB
7,2024-01-11,21340,21630,21130,21210,9941849,ACB
8,2024-01-12,21130,22010,21040,21670,25574880,ACB
9,2024-01-15,21840,21840,21250,21250,11725544,ACB
10,2024-01-16,21340,21460,21040,21340,12385822,ACB
11,2024-01-17,21380,21670,21290,21340,9720759,ACB
12,2024-01-18,21380,21630,21290,21500,9616784,ACB
13,2024-01-19,21670,21800,21550,21800,12778025,ACB
14,2024-01-22,22010,22090,21670,22090,12010820,ACB
15,2024-01-23,22050,22220,21880,21880,11738886,ACB
16,2024-01-24,21880,21920,21590,21670,11347376,ACB
17,2024-01-25,21710,21760,21500,21670,5090360,ACB
18,2024-01-26,21710,22180,21710,22090,6861782,ACB
19,2024-01-29,22260,22260,21800,21800,9281301,ACB
20,2024-01-30,21880,22010,21760,21800,6383741,ACB
21,2024-01-31,21920,21920,21460,21630,12162755,ACB
22,2024-02-01,21590,21920,21590,21840,6284328,ACB
23,2024-02-02,21800,22090,21710,22050,14534871,ACB
24,2024-02-05,22050,23520,21970,23350,28138723,ACB
25,2024-02-06,23390,23440,23230,23390,5454327,ACB
26,2024-02-07,23390,23690,23390,23520,11903453,ACB
27,2024-02-15,23560,23860,22850,22850,14255094,ACB
28,2024-02-16,23100,23180,22930,23180,9502568,ACB
29,2024-02-19,23270,23270,22850,23270,11864502,ACB
30,2024-02-20,23100,23310,22970,23140,7321603,ACB
31,2024-02-21,23100,23440,23020,23270,10257725,ACB
32,2024-02-22,23270,23310,23100,23230,7407861,ACB
33,2024-02-23,23270,23860,22930,22930,25987605,ACB
34,2024-02-26,22930,23270,22760,23100,9791428,ACB
35,2024-02-27,23270,23270,22970,23180,12061563,ACB
36,2024-02-28,23230,23520,23140,23520,10465608,ACB
37,2024-02-29,23600,23730,23270,23520,9960379,ACB
38,2024-03-01,23520,23520,23140,23350,10201609,ACB
39,2024-03-04,23350,23690,23020,23350,13224034,ACB
40,2024-03-05,23350,23520,23140,23480,6339771,ACB
41,2024-03-06,23520,23650,23140,23180,9799350,ACB
42,2024-03-07,23180,23270,23020,23100,10171157,ACB
43,2024-03-08,23100,23230,22680,22720,23024715,ACB
44,2024-03-11,22720,22760,22390,22470,12023089,ACB
45,2024-03-12,22390,22550,22340,22470,8318885,ACB
46,2024-03-13,22470,23230,22470,23230,8940425,ACB
47,2024-03-14,23180,23180,22720,22890,8232737,ACB
48,2024-03-15,22890,23020,22680,22970,7828640,ACB
49,2024-03-18,22850,22970,22430,22600,14127772,ACB
50,2024-03-19,22510,22720,22470,22550,7125247,ACB
51,2024-03-20,22550,23270,22510,23100,14010312,ACB
52,2024-03-21,23270,23520,23140,23520,12824070,ACB
53,2024-03-22,23730,24320,23440,23650,22688584,ACB
54,2024-03-25,23560,23560,23100,23100,10196791,ACB
55,2024-03-26,23180,23480,22970,23480,6287467,ACB
56,2024-03-27,23480,23560,23180,23520,5962845,ACB
57,2024-03-28,23770,24020,23690,23810,12429800,ACB
58,2024-03-29,23860,24070,23650,23940,13496333,ACB
59,2024-04-01,23690,23940,23600,23900,6180472,ACB
60,2024-04-02,23770,23860,23440,23860,10414778,ACB
61,2024-04-03,23690,23860,23440,23520,10205483,ACB
62,2024-04-04,23560,23560,23140,23140,11161719,ACB
63,2024-04-05,22930,23020,22760,22810,12293515,ACB
64,2024-04-08,22810,22890,22640,22810,6874403,ACB
65,2024-04-09,22810,22930,22720,22930,5374934,ACB
66,2024-04-10,23060,23180,22760,22760,5127160,ACB
67,2024-04-11,22680,22810,22600,22810,11290085,ACB
68,2024-04-12,22850,23520,22680,23520,9772642,ACB
69,2024-04-15,23350,23520,22550,22550,16263243,ACB
70,2024-04-16,22550,22810,22470,22810,17356891,ACB
71,2024-04-17,22850,22890,22470,22470,10485319,ACB
72,2024-04-19,22340,22510,22220,22340,10866833,ACB
73,2024-04-22,22600,22640,22430,22510,6317643,ACB
74,2024-04-23,22510,22640,22300,22390,8544832,ACB
75,2024-04-24,22510,22760,22430,22720,6684776,ACB
76,2024-04-25,22680,22720,22470,22510,5144590,ACB
77,2024-04-26,22510,22680,22340,22550,5446804,ACB
78,2024-05-02,22550,22810,22510,22680,4801959,ACB
79,2024-05-03,22760,23100,22760,23100,8722742,ACB
80,2024-05-06,23100,23270,22970,23180,7449978,ACB
81,2024-05-07,23310,23350,23100,23230,4305048,ACB
82,2024-05-08,23100,23230,22930,23140,4040821,ACB
83,2024-05-09,23180,23350,23100,23180,4105414,ACB
84,2024-05-10,23180,23270,23060,23270,4913057,ACB
85,2024-05-13,23520,23520,23230,23270,5555670,ACB
86,2024-05-14,23270,23440,23230,23310,4474265,ACB
87,2024-05-15,23390,23390,23270,23270,7807457,ACB
88,2024-05-16,23520,23860,23350,23730,30211993,ACB
89,2024-05-17,23730,23860,23690,23730,8509864,ACB
90,2024-05-20,23940,23980,23690,23730,9339952,ACB
91,2024-05-21,23730,23770,23390,23690,10828854,ACB
92,2024-05-22,23690,23730,23440,23480,9288338,ACB
93,2024-05-23,23520,23940,23520,23900,10454272,ACB
94,2024-05-24,23900,25370,23730,24570,33867112,ACB
95,2024-05-27,24780,25070,24570,24740,7541858,ACB
96,2024-05-28,24950,24950,24610,24910,10694176,ACB
97,2024-05-29,24950,24990,24570,24570,13456310,ACB
98,2024-05-30,24490,24700,24230,24700,13118384,ACB
99,2024-05-31,25000,25300,24650,24650,11139289,ACB
100,2024-06-03,24850,24950,24600,24800,16257238,ACB
101,2024-06-04,24800,24800,24450,24500,9735560,ACB
102,2024-06-05,24750,24750,24300,24350,10801981,ACB
103,2024-06-06,24400,24500,24300,24350,8033240,ACB
104,2024-06-07,24550,24650,24300,24600,5892570,ACB
105,2024-06-10,24600,24700,24300,24400,7679882,ACB
106,2024-06-11,24400,24450,24100,24150,9213280,ACB
107,2024-06-12,24150,24550,23900,24550,10400953,ACB
108,2024-06-13,24550,24900,24400,24800,11727801,ACB
109,2024-06-14,24700,24900,24600,24600,11049165,ACB
110,2024-06-17,24600,24600,24250,24550,6375848,ACB
111,2024-06-18,24700,24700,24400,24550,5729760,ACB
112,2024-06-19,24550,24700,24250,24650,7618993,ACB
113,2024-06-20,24550,24850,24400,24800,10178313,ACB
114,2024-06-21,24850,24850,24500,24550,5126289,ACB
115,2024-06-24,24600,24600,23900,24100,14225312,ACB
116,2024-06-25,24000,24200,23900,24050,6708386,ACB
117,2024-06-26,24000,24100,23600,24100,10145262,ACB
118,2024-06-27,24000,24100,23800,23950,4904878,ACB
119,2024-06-28,23800,24000,23750,23800,5755042,ACB
120,2024-07-01,23800,23850,23600,23800,3938961,ACB
121,2024-07-02,23800,24100,23700,24050,5701649,ACB
122,2024-07-03,24150,24400,23950,24250,5854818,ACB
123,2024-07-04,24300,24350,23950,24150,6394551,ACB
124,2024-07-05,24150,24300,24000,24300,6357111,ACB
125,2024-07-08,24300,24350,24100,24250,4959392,ACB
126,2024-07-09,24150,24400,24050,24300,8004908,ACB
127,2024-07-10,24500,24500,24250,24250,6484698,ACB
128,2024-07-11,24350,24350,24150,24150,5001133,ACB
129,2024-07-12,24100,24150,23800,24000,7160694,ACB
130,2024-07-15,24000,24050,23900,23950,4490958,ACB
131,2024-07-16,24000,24300,23950,24100,7002765,ACB
132,2024-07-17,24300,25200,24200,24500,28924392,ACB
133,2024-07-18,24500,25100,24500,24800,10670220,ACB
134,2024-07-19,24800,25300,24650,25100,17087130,ACB
135,2024-07-22,25100,25200,24650,24750,15163392,ACB
136,2024-07-23,24800,24900,24000,24000,15116634,ACB
137,2024-07-24,24000,24400,23800,24200,12261810,ACB
138,2024-07-25,24150,24150,23800,24050,7164193,ACB
139,2024-07-26,24100,24150,24000,24100,3453662,ACB
140,2024-07-29,24300,24300,24050,24150,4109383,ACB
141,2024-07-30,24000,24150,23950,24150,5494866,ACB
142,2024-07-31,24200,24550,24100,24550,8556266,ACB
143,2024-08-01,24500,24600,23950,23950,9183311,ACB
144,2024-08-02,23900,24000,23650,23950,13718492,ACB
145,2024-08-05,23600,23850,23150,23200,20100624,ACB
146,2024-08-06,23500,23650,23250,23500,8029731,ACB
147,2024-08-07,23600,23600,23300,23400,4407675,ACB
148,2024-08-08,23250,23500,23250,23250,3655058,ACB
149,2024-08-09,23400,23600,23300,23600,3012436,ACB
150,2024-08-12,23600,23800,23300,23800,4203077,ACB
151,2024-08-13,23550,23800,23500,23600,2854856,ACB
152,2024-08-14,23700,23800,23550,23550,3321023,ACB
153,2024-08-15,23550,23600,23450,23500,2660430,ACB
154,2024-08-16,23500,24000,23500,24000,6524010,ACB
155,2024-08-19,24000,24150,23950,24050,3843540,ACB
156,2024-08-20,24050,24300,24000,24100,5422431,ACB
157,2024-08-21,24050,24400,24050,24400,6563393,ACB
158,2024-08-22,24500,24550,24300,24400,6795952,ACB
159,2024-08-23,24400,24500,24250,24450,3899558,ACB
160,2024-08-26,24550,24550,24400,24450,4928433,ACB
161,2024-08-27,24450,24500,24400,24450,4159515,ACB
162,2024-08-28,24500,24550,24400,24500,5228038,ACB
163,2024-08-29,24550,24900,24550,24650,8594985,ACB
164,2024-08-30,24650,24800,24650,24800,4489249,ACB
165,2024-09-04,24500,24700,24450,24650,5639763,ACB
166,2024-09-05,24650,24700,24450,24500,3540918,ACB
167,2024-09-06,24500,24600,24450,24600,5008937,ACB
168,2024-09-09,24550,24600,24300,24450,4691162,ACB
169,2024-09-10,24450,24550,24100,24250,6138609,ACB
170,2024-09-11,24150,24250,24100,24150,3589050,ACB
171,2024-09-12,24250,24500,24200,24450,2621199,ACB
172,2024-09-13,24400,24450,24250,24400,2374108,ACB
173,2024-09-16,24400,24550,24150,24150,3717063,ACB
174,2024-09-17,24150,24500,24100,24500,4081633,ACB
175,2024-09-18,24500,24750,24350,24650,8725286,ACB
176,2024-09-19,24750,24850,24600,24800,5224618,ACB
177,2024-09-20,24900,25800,24900,25650,34336295,ACB
178,2024-09-23,25700,26000,25600,25650,8585132,ACB
179,2024-09-24,25650,25800,25400,25800,12786286,ACB
180,2024-09-25,26000,26200,25800,26200,23028936,ACB
181,2024-09-26,26300,26350,26000,26000,18186603,ACB
182,2024-09-27,26000,26400,25900,25900,10816416,ACB
183,2024-09-30,25700,25950,25700,25750,8463727,ACB
184,2024-10-01,25750,26150,25750,25750,10417047,ACB
185,2024-10-02,25700,26100,25600,25800,10118989,ACB
186,2024-10-03,25950,26300,25700,25700,14808112,ACB
187,2024-10-04,25700,25750,25400,25400,8670214,ACB
188,2024-10-07,25500,25700,25350,25450,6775964,ACB
189,2024-10-08,25500,25650,25350,25500,6528035,ACB
190,2024-10-09,25600,26250,25550,26250,20014266,ACB
191,2024-10-10,26400,26500,26050,26200,9087762,ACB
192,2024-10-11,26100,26150,25900,26100,6565661,ACB
193,2024-10-14,26150,26250,25950,25950,9033561,ACB
194,2024-10-15,25950,26200,25800,25850,7115715,ACB
195,2024-10-16,25750,25850,25600,25750,5401467,ACB
196,2024-10-17,25900,26150,25750,26150,9200056,ACB
197,2024-10-18,26250,26500,25950,26100,11497656,ACB
198,2024-10-21,26000,26100,25800,25800,5537752,ACB
199,2024-10-22,25800,25850,25400,25400,12123912,ACB
200,2024-10-23,25400,25550,25150,25400,7707474,ACB
201,2024-10-24,25400,25450,25000,25000,8933983,ACB
202,2024-10-25,25000,25100,24850,24900,9226582,ACB
203,2024-10-28,24900,25150,24750,25150,5000754,ACB
204,2024-10-29,25300,25300,25100,25200,4181333,ACB
205,2024-10-30,25200,25250,24950,25100,3876354,ACB
206,2024-10-31,25100,25450,25050,25400,5077809,ACB
207,2024-11-01,25300,25400,24900,24900,7860339,ACB
208,2024-11-04,25000,25050,24650,24750,9123996,ACB
209,2024-11-05,24800,24900,24750,24750,3068254,ACB
210,2024-11-06,24900,25200,24800,25100,6246056,ACB
211,2024-11-07,25200,25300,24900,25100,4846687,ACB
212,2024-11-08,25100,25200,24750,24900,8226830,ACB
213,2024-11-11,24900,25000,24650,24850,6748424,ACB
214,2024-11-12,24800,24950,24650,24850,4147541,ACB
215,2024-11-13,24800,24900,24600,24900,6394310,ACB
216,2024-11-14,24650,24850,24550,24550,5798457,ACB
217,2024-11-15,24550,24600,24300,24400,9284110,ACB
218,2024-11-18,24400,24600,24100,24500,8112732,ACB
219,2024-11-19,24500,24550,24300,24300,5787839,ACB
220,2024-11-20,24200,24550,24150,24500,6242481,ACB
221,2024-11-21,24500,24850,24250,24850,7585401,ACB
222,2024-11-22,24850,24950,24650,24950,5698260,ACB
223,2024-11-25,24950,25000,24800,24900,4112332,ACB
224,2024-11-26,24900,25100,24850,25000,3562709,ACB
225,2024-11-27,24950,25200,24950,25050,2748008,ACB
226,2024-11-28,25150,25200,24950,25150,4596147,ACB
227,2024-11-29,25150,25200,25000,25200,3883425,ACB
228,2024-12-02,25250,25350,25050,25150,2490927,ACB
229,2024-12-03,25200,25200,24950,25000,6131057,ACB
230,2024-12-04,24950,25050,24850,25050,4619546,ACB
231,2024-12-05,25000,25700,24950,25700,8272544,ACB
232,2024-12-06,25500,25750,25500,25650,6054365,ACB
233,2024-12-09,25600,25650,25350,25500,5418974,ACB
234,2024-12-10,25500,25500,25350,25350,3403008,ACB
235,2024-12-11,25350,25500,25200,25400,8832805,ACB
236,2024-12-12,25400,25500,25250,25300,5867353,ACB
237,2024-12-13,25300,25300,25100,25150,6044475,ACB
238,2024-12-16,25150,25250,25050,25150,5165719,ACB
239,2024-12-17,25250,25250,25050,25200,3331723,ACB
240,2024-12-18,25250,25250,25100,25150,3385137,ACB
241,2024-12-19,25050,25050,24700,24800,9720556,ACB
242,2024-12-20,24850,24900,24750,24800,4729595,ACB
243,2024-12-23,24850,24950,24800,24900,3469073,ACB
244,2024-12-24,24900,25000,24800,25000,3233697,ACB
245,2024-12-25,25000,25600,24950,25450,9518178,ACB
246,2024-12-26,25450,25550,25400,25550,5583577,ACB
247,2024-12-27,25600,25700,25500,25550,7694895,ACB
248,2024-12-30,25350,25650,25350,25400,5004572,ACB
249,2024-12-31,25400,25800,25350,25800,8844727,ACB
0,2025-01-02,25600,25700,25400,25600,4571487,ACB
1,2025-01-03,25500,25550,25100,25100,5022490,ACB
2,2025-01-06,25000,25050,24750,24800,12058848,ACB
3,2025-01-07,24800,25050,24800,25000,5028704,ACB
4,2025-01-08,25000,25000,24800,25000,4091798,ACB
5,2025-01-09,24950,25000,24850,24950,3842684,ACB
6,2025-01-10,24900,24950,24700,24700,4714444,ACB
7,2025-01-13,24500,24850,24500,24750,4628922,ACB
8,2025-01-14,24750,24800,24500,24650,5066348,ACB
9,2025-01-15,24850,24950,24650,24900,7428403,ACB
10,2025-01-16,24850,25050,24700,24850,5009160,ACB
11,2025-01-17,24850,25000,24800,24950,2381475,ACB
12,2025-01-20,24950,25050,24800,25000,4008919,ACB
13,2025-01-21,25050,25100,24850,24950,4346037,ACB
14,2025-01-22,25000,25000,24800,24850,2791121,ACB
15,2025-01-23,24900,25400,24900,25300,8900937,ACB
16,2025-01-24,25200,25500,25200,25350,4902907,ACB
17,2025-02-03,25050,25300,24900,25100,4775193,ACB
18,2025-02-04,25250,25350,25050,25250,4908445,ACB
19,2025-02-05,25250,25400,25200,25400,7496156,ACB
20,2025-02-06,25500,25650,25400,25500,5599437,ACB
21,2025-02-07,25500,25800,25400,25700,9881521,ACB